Date,value
1,20.7
2,17.9
3,18.8
4,14.6
5,15.8
6,15.8
7,15.8
8,17.4
9,21.8
10,20
11,16.2
12,13.3
13,16.7
14,21.5
15,25
16,20.7
17,20.6
18,24.8
19,17.7
20,15.5
21,18.2
22,12.1
23,14.4
24,16
25,16.5
26,18.7
27,19.4
28,17.2
29,15.5
30,15.1
31,15.4
32,15.3
33,18.8
34,21.9
35,19.9
36,16.6
37,16.8
38,14.6
39,17.1
40,25
41,15
42,13.7
43,13.9
44,18.3
45,22
46,22.1
47,21.2
48,18.4
49,16.6
50,16.1
51,15.7
52,16.6
53,16.5
54,14.4
55,14.4
56,18.5
57,16.9
58,17.5
59,21.2
60,17.8
61,18.6
62,17
63,16
64,13.3
65,14.3
66,11.4
67,16.3
68,16.1
69,11.8
70,12.2
71,14.7
72,11.8
73,11.3
74,10.6
75,11.7
76,14.2
77,11.2
78,16.9
79,16.7
80,8.1
81,8
82,8.8
83,13.4
84,10.9
85,13.4
86,11
87,15
88,15.7
89,14.5
90,15.8
91,16.7
92,16.8
93,17.5
94,17.1
95,18.1
96,16.6
97,10
98,14.9
99,15.9
100,13
101,7.6
102,11.5
103,13.5
104,13
105,13.3
106,12.1
107,12.4
108,13.2
109,13.8
110,10.6
111,9
112,10
113,9.8
114,11.5
115,8.9
116,7.4
117,9.9
118,9.3
119,9.9
120,7.4
121,8.6
122,11.9
123,14
124,8.6
125,10
126,13.5
127,12
128,10.5
129,10.7
130,8.1
131,10.1
132,10.6
133,5.3
134,6.6
135,8.5
136,11.2
137,9.8
138,5.9
139,3.2
140,2.1
141,3.4
142,5.4
143,9.6
144,11.5
145,12.3
146,12.6
147,11
148,11.2
149,11.4
150,11.8
151,12.8
152,11.6
153,10.6
154,9.8
155,11.2
156,5.7
157,7.1
158,2.5
159,3.5
160,4.6
161,11
162,5.7
163,7.7
164,10.4
165,11.4
166,9.2
167,6.1
168,2.7
169,4.3
170,6.3
171,3.8
172,4.4
173,7.1
174,4.8
175,5.8
176,6.2
177,7.3
178,9.2
179,10.2
180,9.5
181,9.5
182,10.7
183,10
184,6.5
185,7
186,7.4
187,8.1
188,6.6
189,8.3
190,8.9
191,4.6
192,6.8
193,5.7
194,6.1
195,7
196,7.2
197,6.3
198,8.8
199,5
200,7.4
201,10.1
202,12
203,9
204,8.9
205,9.8
206,9
207,9.2
208,7.7
209,8
210,6.1
211,3.5
212,3.2
213,5.7
214,7.7
215,9
216,10
217,6.2
218,6.9
219,6.5
220,6.8
221,7
222,5.2
223,3
224,5.6
225,7.9
226,9
227,8.6
228,10.3
229,10.5
230,7.6
231,9.7
232,12.5
233,7.4
234,7.9
235,3.9
236,6.6
237,4.6
238,7
239,6
240,5.5
241,8.1
242,5.5
243,6.2
244,8
245,10.3
246,9.8
247,9.6
248,8.5
249,7.5
250,11.2
251,14.6
252,11.7
253,7.8
254,12.3
255,10.1
256,11.5
257,7.3
258,10.9
259,14.1
260,10.7
261,16.9
262,10.5
263,6.5
264,11
265,6.3
266,10.5
267,7.2
268,7.6
269,10.7
270,7.8
271,9.6
272,11.4
273,12.4
274,8.9
275,13.2
276,8.6
277,6.2
278,11.4
279,13.2
280,14.3
281,7.3
282,12.9
283,7.8
284,6.2
285,5.6
286,10
287,13.3
288,8.3
289,10.2
290,8.6
291,7.3
292,10.4
293,11.2
294,13.2
295,11.4
296,9.1
297,6.6
298,8.4
299,9.7
300,13.2
301,12.5
302,11
303,11
304,11.7
305,9.2
306,11.5
307,13.6
308,13.7
309,10.4
310,11.5
311,7.6
312,9.6
313,14.2
314,15.7
315,10.5
316,10.5
317,9.7
318,9.5
319,11.3
320,8.9
321,9.4
322,11.9
323,11.7
324,13.4
325,12.6
326,10.1
327,15.8
328,13.6
329,11.9
330,9.9
331,12.6
332,17.8
333,15
334,13.6
335,13.4
336,10.5
337,14.2
338,11.5
339,13
340,15
341,14.7
342,12.6
343,12.5
344,13.5
345,14.8
346,17.2
347,9.7
348,12.1
349,12.8
350,11.2
351,16.4
352,15.6
353,13.3
354,11
355,11.1
356,15
357,12.8
358,15
359,14.2
360,14
361,15.5
362,13.3
363,15.6
364,15.2
365,17.4
366,17
367,15
368,13.5
369,15.2
370,13
371,12.5
372,14.1
373,14.8
374,16.2
375,15.8
376,19.1
377,22.2
378,15.9
379,13
380,14.1
381,15.8
382,24
383,18
384,19.7
385,25.2
386,20.5
387,19.3
388,15.8
389,17
390,18.4
391,13.3
392,14.6
393,12.5
394,17
395,17.1
396,14
397,14.6
398,13.3
399,14.8
400,15.1
401,13.1
402,13.6
403,19.5
404,22.7
405,17.2
406,13.5
407,15.4
408,17
409,19.2
410,22.8
411,26.3
412,18.2
413,17
414,14.8
415,12.8
416,15.5
417,15.6
418,13.1
419,15.2
420,14.1
421,12.5
422,14.6
423,10.4
424,13.9
425,11.9
426,13.5
427,9.8
428,14
429,21.5
430,19.5
431,16.7
432,19.1
433,11
434,9
435,10
436,14.6
437,12.5
438,17.2
439,19.2
440,22.2
441,15.7
442,14.2
443,9.8
444,14
445,17.5
446,20.7
447,15.6
448,13.2
449,14.5
450,16.8
451,17.2
452,13.4
453,14.2
454,14.3
455,10.2
456,10.4
457,12.3
458,11.9
459,11.2
460,8.5
461,12
462,12.4
463,12.9
464,10.1
465,15
466,13.6
467,12.4
468,13.6
469,16.1
470,19.5
471,14.2
472,9.3
473,10.1
474,7.4
475,8.6
476,7.8
477,9.1
478,13
479,16.5
480,12.9
481,6.9
482,6.9
483,8.7
484,10
485,10.8
486,7.5
487,6.3
488,11.9
489,13.8
490,11.8
491,11
492,10.1
493,8.5
494,5.5
495,7.6
496,8.7
497,10.8
498,11.2
499,9.1
500,3.7
501,4.6
502,6.6
503,13.2
504,15.2
505,7.6
506,8.4
507,6
508,8.3
509,8.6
510,11.1
511,12.1
512,12.9
513,14
514,12.5
515,11.5
516,7
517,7.1
518,9
519,3.1
520,2.5
521,0
522,1.6
523,2.6
524,5.7
525,2.3
526,4.5
527,8.2
528,6.9
529,7.3
530,6
531,7.3
532,7.6
533,8
534,8
535,6.8
536,7.3
537,6.2
538,6.9
539,8.9
540,4
541,1.3
542,0.8
543,4.3
544,7.3
545,7.7
546,9
547,4.2
548,1.6
549,2.6
550,3.4
551,3.9
552,7
553,7.8
554,5.3
555,2.4
556,2.8
557,4
558,7.5
559,7.8
560,5.6
561,3.3
562,5
563,3.7
564,3.9
565,5.2
566,0.2
567,0.8
568,0.9
569,3.5
570,6.6
571,9.5
572,9
573,3.5
574,4.5
575,5.7
576,5.6
577,7.1
578,9.7
579,8.3
580,9.1
581,2.8
582,2.2
583,4.5
584,3.8
585,3.8
586,6.2
587,11.5
588,10.2
589,7.9
590,9
591,9.5
592,6
593,8.2
594,9.2
595,4.3
596,6.6
597,9.4
598,13.2
599,6.6
600,5.1
601,12.1
602,11.2
603,8.5
604,4.6
605,7
606,14.2
607,12.7
608,7.6
609,4
610,10
611,10.5
612,5
613,4.5
614,8.2
615,4.3
616,9.8
617,5.8
618,5
619,8.5
620,9
621,3.6
622,6.7
623,6.7
624,10.1
625,15
626,8.9
627,5.7
628,4.2
629,4
630,5.3
631,6.3
632,8.5
633,11.5
634,7.7
635,9.2
636,7.8
637,6.3
638,6.3
639,8.6
640,6.1
641,13.2
642,9.9
643,4.7
644,5.8
645,14.9
646,10.7
647,8.6
648,9.4
649,5.7
650,10.9
651,13.1
652,10.4
653,8.2
654,9.8
655,7.5
656,5.8
657,9.8
658,7.9
659,8.7
660,10
661,10.6
662,8
663,10.2
664,15.1
665,13.9
666,9.2
667,9
668,13.2
669,7
670,10.6
671,6.9
672,9.5
673,12.5
674,13.6
675,17.7
676,16
677,11.3
678,10.5
679,14.4
680,10.3
681,9
682,11.1
683,14.5
684,18
685,12.8
686,10.7
687,9.1
688,8.7
689,12.4
690,12.6
691,10.3
692,13.7
693,16
694,15.8
695,12.1
696,12.5
697,12.2
698,13.7
699,16.1
700,15.5
701,10.3
702,10.5
703,11
704,11.9
705,13
706,12.2
707,10.6
708,13
709,13
710,12.2
711,12.6
712,18.7
713,15.2
714,15.3
715,13.9
716,15.8
717,13
718,13
719,13.7
720,12
721,10.8
722,15.6
723,15.3
724,13.9
725,13
726,15.3
727,16.3
728,15.8
729,17.7
730,16.3
731,18.4
732,15
733,10.9
734,11.4
735,14.8
736,12.1
737,12.8
738,16.2
739,15.5
740,13
741,10.5
742,9.1
743,10.5
744,11.8
745,12.7
746,12.7
747,11.5
748,13.8
749,13.3
750,11.6
751,15.4
752,12.4
753,16.9
754,14.7
755,10.6
756,15.6
757,10.7
758,12.6
759,13.8
760,14.3
761,14
762,18.1
763,17.3
764,13
765,16
766,14.9
767,16.2
768,20.3
769,22.5
770,17.2
771,15.9
772,16.8
773,13.8
774,12.8
775,14
776,17.5
777,21.5
778,16.8
779,13.6
780,14.5
781,14.2
782,15.7
783,19.7
784,17.4
785,14.4
786,16.9
787,19.1
788,20.4
789,20.1
790,19.9
791,22
792,20.5
793,22.1
794,20.6
795,15
796,20.6
797,21.5
798,16.2
799,14.1
800,14.5
801,21.1
802,15.9
803,15.2
804,13.1
805,13.2
806,12.5
807,15.2
808,17.6
809,15.5
810,16.7
811,16.3
812,15.1
813,12.7
814,10
815,11.4
816,12.6
817,10.7
818,10
819,13.9
820,13.4
821,12.5
822,12.8
823,7.8
824,11.1
825,10.7
826,7.1
827,6.7
828,5.7
829,9.1
830,15.2
831,15.5
832,11.1
833,11.7
834,11.5
835,9.8
836,6.2
837,6.7
838,7.5
839,8.8
840,8
841,10.4
842,14.5
843,16.5
844,14.1
845,10.5
846,12.6
847,13
848,8.7
849,10.1
850,12
851,12.5
852,13.5
853,13.7
854,13.5
855,10.7
856,13
857,11.6
858,13
859,11.2
860,13.5
861,12.9
862,6.8
863,10
864,14.5
865,11.7
866,6.7
867,4.6
868,4.9
869,7.4
870,8.3
871,7.5
872,6.2
873,7.8
874,13.2
875,11.9
876,6.5
877,8.3
878,12.1
879,9.3
880,7.5
881,9.3
882,11
883,10.8
884,5.3
885,7.6
886,5.6
887,7.2
888,9.6
889,7
890,8.3
891,7.8
892,4.7
893,6.8
894,7.2
895,8.3
896,9.5
897,4.7
898,3
899,1.5
900,2.5
901,6.2
902,11.6
903,6.6
904,6.6
905,8
906,7.9
907,3.3
908,3.9
909,6
910,4
911,5.5
912,8.5
913,9.8
914,9.5
915,7.2
916,8.1
917,8
918,8.5
919,8.8
920,8.3
921,2.4
922,4.9
923,5.9
924,6.7
925,8.4
926,6.5
927,7.9
928,4.1
929,5.4
930,7.5
931,3.9
932,2.5
933,5.3
934,6.6
935,0
936,0.7
937,7.6
938,12.3
939,9.2
940,9.6
941,9.5
942,10
943,7.7
944,8
945,8.3
946,8.3
947,4.5
948,6.5
949,9.4
950,9.4
951,10.5
952,10.7
953,9.9
954,7.6
955,5.8
956,8.5
957,13.8
958,14.3
959,8.3
960,5.3
961,3
962,5.2
963,10.3
964,11.1
965,10.5
966,9
967,13
968,6.4
969,8.4
970,6.7
971,8.3
972,11.2
973,10
974,10.1
975,10.6
976,10.9
977,5.7
978,9.5
979,10.4
980,11.1
981,12.2
982,10.6
983,8.8
984,9.2
985,5.5
986,7.1
987,6.5
988,4.3
989,5
990,11.2
991,7.5
992,12
993,13.6
994,8.3
995,8.5
996,12.9
997,7.7
998,7.6
999,3.5
1000,10.4
1001,15.4
1002,10.6
1003,9.6
1004,9.3
1005,13.9
1006,7.7
1007,9.5
1008,7.6
1009,6.9
1010,6.8
1011,5.8
1012,6
1013,8.3
1014,9.1
1015,12.5
1016,13.2
1017,16.2
1018,12.5
1019,11.8
1020,10.6
1021,10
1022,12.2
1023,8.9
1024,10.3
1025,7.5
1026,11.6
1027,12.6
1028,12.9
1029,11.7
1030,14
1031,12.3
1032,9
1033,9.2
1034,9.8
1035,11.8
1036,10.6
1037,12.6
1038,11
1039,8.2
1040,7.5
1041,13.6
1042,14.8
1043,10.9
1044,7.7
1045,10.2
1046,10.8
1047,10.8
1048,12.5
1049,13.2
1050,8.7
1051,5.7
1052,9.8
1053,7.3
1054,10.8
1055,10
1056,16.2
1057,15
1058,14.5
1059,15.9
1060,14.9
1061,14.2
1062,15.8
1063,17.2
1064,17.6
1065,12.1
1066,11.4
1067,13
1068,13.2
1069,12
1070,15.3
1071,12.7
1072,12.1
1073,13.8
1074,10.9
1075,12
1076,16.5
1077,15
1078,11.2
1079,13.9
1080,15
1081,14.8
1082,15
1083,13.3
1084,20.4
1085,18
1086,12.2
1087,16.7
1088,13.8
1089,17.5
1090,15
1091,13.9
1092,11.1
1093,16.1
1094,20.4
1095,18
1096,19.5
1097,17.1
1098,17.1
1099,12
1100,11
1101,16.3
1102,16.1
1103,13
1104,13.4
1105,15.2
1106,12.5
1107,14.3
1108,16.5
1109,18.6
1110,18
1111,18.2
1112,11.4
1113,11.9
1114,12.2
1115,14.8
1116,13.1
1117,12.7
1118,10.5
1119,13.8
1120,18.8
1121,13.9
1122,11.2
1123,10.6
1124,14.7
1125,13.1
1126,12.1
1127,14.7
1128,11.1
1129,13
1130,15.6
1131,14.2
1132,15.5
1133,18
1134,15
1135,15.9
1136,15.5
1137,15.8
1138,16.6
1139,13.6
1140,13.8
1141,14.6
1142,15.6
1143,16.6
1144,14.3
1145,16.3
1146,18.9
1147,18.7
1148,14.5
1149,16.5
1150,14.1
1151,13.5
1152,11.7
1153,15.1
1154,11.2
1155,13.5
1156,12.6
1157,8.8
1158,10.5
1159,12.1
1160,14.5
1161,19.5
1162,14
1163,13.8
1164,10.5
1165,13.8
1166,11.4
1167,15.6
1168,11.1
1169,12.1
1170,14.2
1171,10.9
1172,14.2
1173,13.8
1174,15.1
1175,14
1176,12.1
1177,13.8
1178,16.6
1179,17.8
1180,9.4
1181,10.2
1182,7.4
1183,8.7
1184,14
1185,15.3
1186,11.1
1187,9.7
1188,10.3
1189,9.2
1190,8.2
1191,9.7
1192,12.4
1193,12.5
1194,9
1195,9.7
1196,10.1
1197,11.2
1198,12
1199,11.1
1200,10.8
1201,12.8
1202,9.8
1203,13.7
1204,11
1205,13.2
1206,13
1207,10.2
1208,13.2
1209,9.3
1210,11.1
1211,10.3
1212,8.7
1213,11.7
1214,12.5
1215,6.5
1216,9.6
1217,13.8
1218,14.7
1219,9.1
1220,4.8
1221,3.3
1222,3.5
1223,5.7
1224,5.5
1225,7
1226,9.5
1227,9.9
1228,4.9
1229,6.3
1230,4.8
1231,6.2
1232,7.1
1233,7.5
1234,9.4
1235,8.7
1236,9.5
1237,12.1
1238,9.5
1239,9.3
1240,8.5
1241,8
1242,9.8
1243,6.2
1244,7.3
1245,10.9
1246,10
1247,8.7
1248,9
1249,10.8
1250,12.4
1251,7.2
1252,7.2
1253,11.1
1254,9.3
1255,10.1
1256,3.9
1257,5
1258,8.2
1259,2.8
1260,4.3
1261,8.1
1262,11.1
1263,4.7
1264,5.3
1265,10
1266,5.6
1267,2.2
1268,7.1
1269,8.3
1270,8.6
1271,10.1
1272,8.3
1273,7.2
1274,7.7
1275,7.8
1276,9.1
1277,9.4
1278,7.8
1279,2.6
1280,2.4
1281,3.9
1282,1.3
1283,2.1
1284,7.4
1285,7.2
1286,8.8
1287,8.9
1288,8.8
1289,8
1290,0.7
1291,0.1
1292,0.9
1293,7.8
1294,7.2
1295,8
1296,4.6
1297,5.2
1298,5.8
1299,6.8
1300,8.1
1301,7.5
1302,5.4
1303,4.6
1304,6.4
1305,9.7
1306,7
1307,10
1308,10.6
1309,11.5
1310,10.2
1311,11.1
1312,11
1313,8.9
1314,9.9
1315,11.7
1316,11.6
1317,9
1318,6.3
1319,8.7
1320,8.5
1321,8.5
1322,8
1323,6
1324,8
1325,8.5
1326,7.7
1327,8.4
1328,9
1329,8.3
1330,6.8
1331,9.3
1332,6.7
1333,9
1334,7.3
1335,6.3
1336,7.9
1337,5.2
1338,9
1339,11.3
1340,9.2
1341,11.3
1342,7
1343,8
1344,4.6
1345,8.5
1346,9.5
1347,9.4
1348,10.5
1349,9.7
1350,4.9
1351,8
1352,5.8
1353,5.5
1354,10.9
1355,11.7
1356,9.2
1357,8.9
1358,11.3
1359,8.6
1360,6.2
1361,6.6
1362,9.1
1363,6.1
1364,7.5
1365,10.7
1366,6.3
1367,5.5
1368,6.7
1369,4.2
1370,11.3
1371,16.3
1372,10.5
1373,10.3
1374,7.9
1375,7.7
1376,16
1377,14.6
1378,12.5
1379,8.1
1380,12.2
1381,17.2
1382,9.4
1383,8.7
1384,5.9
1385,4.8
1386,7.4
1387,9.4
1388,9.7
1389,9.9
1390,6.5
1391,9.8
1392,18.2
1393,11.3
1394,9.1
1395,9.6
1396,13.5
1397,10.7
1398,10
1399,8.5
1400,12.6
1401,16.6
1402,11.6
1403,12.2
1404,11.2
1405,9.2
1406,9.9
1407,11.9
1408,15.6
1409,19
1410,12.8
1411,12.2
1412,12
1413,11.1
1414,11.8
1415,7.6
1416,13
1417,12.7
1418,16
1419,14.8
1420,14.2
1421,10
1422,8.8
1423,11.6
1424,8.6
1425,14.6
1426,24.3
1427,11.6
1428,10.8
1429,12
1430,11
1431,12.6
1432,10.8
1433,9.1
1434,11
1435,13
1436,12.8
1437,9.9
1438,11.6
1439,10.5
1440,15.9
1441,12.2
1442,13
1443,12.5
1444,12.5
1445,11.4
1446,12.1
1447,16.8
1448,12.1
1449,11.3
1450,10.4
1451,14.2
1452,11.4
1453,13.7
1454,16.5
1455,12.8
1456,12.2
1457,12
1458,12.6
1459,16
1460,16.4
1461,13.3
1462,15.2
1463,13.1
1464,12.7
1465,14.6
1466,11
1467,13.2
1468,12.2
1469,14.4
1470,13.7
1471,14.5
1472,14.1
1473,14.4
1474,19.7
1475,16.5
1476,15.9
1477,11.8
1478,12
1479,11.4
1480,14.4
1481,12.4
1482,15.1
1483,15.6
1484,15.2
1485,12.8
1486,13.3
1487,17.5
1488,15.4
1489,13.5
1490,16.7
1491,15.2
1492,14.9
1493,10.2
1494,13.6
1495,19
1496,15.7
1497,18
1498,14.8
1499,13.9
1500,13
1501,15.3
1502,14.3
1503,15.6
1504,16
1505,14.9
1506,11.1
1507,14.8
1508,13
1509,12.2
1510,10.9
1511,14.6
1512,16.6
1513,18.1
1514,13.4
1515,10.3
1516,13.6
1517,13.8
1518,10.3
1519,11
1520,14.3
1521,15.5
1522,14.7
1523,12.7
1524,10.7
1525,12.6
1526,9.8
1527,13.2
1528,15.2
1529,16.6
1530,21
1531,22.4
1532,17
1533,21.7
1534,21.4
1535,18.6
1536,16.2
1537,16.8
1538,17
1539,18.4
1540,17.2
1541,18.4
1542,18.8
1543,16.5
1544,13.3
1545,12.2
1546,11.3
1547,13.8
1548,16.6
1549,14
1550,14.3
1551,16.4
1552,11.9
1553,15.7
1554,17.6
1555,17.5
1556,15.9
1557,16.2
1558,16
1559,15.9
1560,16.2
1561,16.2
1562,19.5
1563,18.2
1564,21.8
1565,15.1
1566,11
1567,8.1
1568,9.5
1569,9.3
1570,10.6
1571,6.3
1572,8.6
1573,6.8
1574,8.7
1575,8.4
1576,9.3
1577,10
1578,10.5
1579,12
1580,10.1
1581,9.4
1582,10.1
1583,8
1584,10.6
1585,13.6
1586,15.4
1587,9
1588,10.4
1589,11
1590,12.1
1591,13.4
1592,11.3
1593,6.7
1594,9.8
1595,10.8
1596,7.8
1597,4.5
1598,7.6
1599,6.9
1600,7.5
1601,8.5
1602,5.5
1603,9.5
1604,7.3
1605,5.4
1606,5.5
1607,8.1
1608,11.2
1609,13.4
1610,11.6
1611,10.1
1612,4.3
1613,5.5
1614,4.4
1615,5.9
1616,5.7
1617,8.2
1618,8.2
1619,4.2
1620,6.5
1621,10
1622,8.8
1623,6.6
1624,7.8
1625,10.1
1626,7.1
1627,7.7
1628,8.5
1629,7.3
1630,6.9
1631,8.4
1632,7.1
1633,6.3
1634,0.6
1635,1.6
1636,7
1637,8.3
1638,8
1639,10.2
1640,10.6
1641,10.4
1642,11.6
1643,11
1644,10.7
1645,7.3
1646,4.2
1647,4.7
1648,5.6
1649,7.7
1650,7.5
1651,4.9
1652,5.9
1653,7.8
1654,5.8
1655,7
1656,8.4
1657,6.2
1658,7.5
1659,4.8
1660,3.3
1661,3.2
1662,7
1663,8.4
1664,0.3
1665,0.3
1666,2.1
1667,8.5
1668,1.4
1669,4.1
1670,10.3
1671,6.6
1672,6.1
1673,7
1674,5.1
1675,6.3
1676,6.9
1677,11.4
1678,10.4
1679,10.3
1680,9.2
1681,7.2
1682,7.5
1683,4
1684,5.6
1685,6.7
1686,8.4
1687,11
1688,8.4
1689,8.8
1690,8.6
1691,8.3
1692,4
1693,3.6
1694,5.7
1695,10.6
1696,6.9
1697,10
1698,9.8
1699,7.2
1700,10.5
1701,3.6
1702,5.3
1703,8.4
1704,10.3
1705,7.9
1706,8.5
1707,7.9
1708,8
1709,9.8
1710,6.7
1711,4.8
1712,9.9
1713,12.8
1714,10.9
1715,11.7
1716,11.7
1717,11
1718,8.2
1719,7.5
1720,5.4
1721,7.2
1722,9.7
1723,8.4
1724,9
1725,8.7
1726,6.6
1727,11.6
1728,13.1
1729,6.7
1730,6.5
1731,7.7
1732,8.7
1733,7.2
1734,10.5
1735,8.6
1736,7.2
1737,11.4
1738,16.2
1739,6.1
1740,9.6
1741,11.1
1742,13.6
1743,10.7
1744,14.7
1745,11.6
1746,7.3
1747,8
1748,9.6
1749,16
1750,15.1
1751,12.8
1752,6.2
1753,7.1
1754,8.4
1755,10
1756,12.7
1757,10
1758,10.2
1759,6.5
1760,9.2
1761,11.9
1762,14.7
1763,11.4
1764,6.8
1765,7.4
1766,11.2
1767,9.2
1768,12.6
1769,16
1770,17.1
1771,15.3
1772,13.3
1773,15.4
1774,13.2
1775,14.4
1776,14
1777,15.5
1778,21
1779,10
1780,9.6
1781,12
1782,12.2
1783,11.3
1784,13.2
1785,10.5
1786,10.1
1787,8.8
1788,13.7
1789,16.2
1790,16
1791,14
1792,13.7
1793,12.5
1794,12.8
1795,12.3
1796,15.2
1797,15
1798,16.4
1799,16.1
1800,14.6
1801,18.2
1802,16.4
1803,16.6
1804,14.7
1805,15.8
1806,14.1
1807,13.5
1808,13.6
1809,13.7
1810,13.6
1811,12.1
1812,12.7
1813,13.3
1814,14.2
1815,15
1816,13.7
1817,12
1818,13.1
1819,13.2
1820,13.3
1821,11.5
1822,10.8
1823,12
1824,16.3
1825,14.4
1826,12.9
1827,13.8
1828,10.6
1829,12.6
1830,13.7
1831,12.6
1832,13.1
1833,15.4
1834,11.9
1835,13.8
1836,14.4
1837,15.2
1838,12.5
1839,12.2
1840,16.1
1841,14.6
1842,11.6
1843,13.1
1844,12.8
1845,15.2
1846,13.8
1847,15
1848,13.5
1849,11.8
1850,15.3
1851,13.5
1852,15.3
1853,13.8
1854,15.8
1855,17.4
1856,15.3
1857,14.6
1858,14.8
1859,10.7
1860,11.6
1861,13.6
1862,14.4
1863,11.8
1864,15.8
1865,16
1866,11.8
1867,14.5
1868,10.7
1869,14.2
1870,19.5
1871,21.4
1872,17.9
1873,17.4
1874,12.7
1875,13.8
1876,14
1877,15
1878,14.5
1879,13.1
1880,11.4
1881,12.5
1882,12
1883,13.4
1884,14.4
1885,17.7
1886,13.9
1887,13.3
1888,14.6
1889,16.4
1890,16.8
1891,20
1892,12.5
1893,12.7
1894,11.7
1895,12.7
1896,8.6
1897,11.9
1898,16
1899,15.2
1900,13.4
1901,11.6
1902,11.1
1903,15.6
1904,17
1905,18.5
1906,17.4
1907,16.5
1908,16.2
1909,16.1
1910,13.2
1911,18
1912,12.8
1913,11.7
1914,16.7
1915,15.6
1916,10.2
1917,10.3
1918,15
1919,18
1920,13.8
1921,10.5
1922,11.8
1923,7.2
1924,11.6
1925,7.4
1926,14.2
1927,12.2
1928,9
1929,12.3
1930,19.7
1931,12.8
1932,12.4
1933,12
1934,12
1935,11.1
1936,12.7
1937,14.2
1938,11.6
1939,12
1940,11.5
1941,8.3
1942,10.5
1943,9
1944,6.9
1945,9.4
1946,11.1
1947,9.1
1948,7.7
1949,10
1950,10.4
1951,8
1952,9.8
1953,12.4
1954,12.9
1955,12.3
1956,6.9
1957,10.5
1958,11
1959,9.7
1960,11.1
1961,11.5
1962,13.4
1963,10.9
1964,12
1965,12.1
1966,10.4
1967,10
1968,9.6
1969,11.3
1970,8.5
1971,6.3
1972,8.2
1973,10.7
1974,10.3
1975,9.5
1976,10.9
1977,10.9
1978,4.3
1979,5.2
1980,11
1981,11.6
1982,10.6
1983,9.4
1984,10
1985,9.6
1986,9.5
1987,9.7
1988,9.6
1989,7
1990,7
1991,6.8
1992,6.9
1993,8
1994,7.6
1995,8.6
1996,5.7
1997,5.5
1998,5.7
1999,5.7
2000,6.6
2001,6
2002,6.9
2003,7.7
2004,8
2005,3.9
2006,0.8
2007,2.8
2008,8
2009,9.8
2010,11.4
2011,8.6
2012,5.2
2013,6.6
2014,5.7
2015,4.6
2016,5.8
2017,7
2018,4.8
2019,4.4
2020,4.4
2021,7.9
2022,10.6
2023,5
2024,7.6
2025,9.2
2026,9.7
2027,8.8
2028,6.8
2029,9.4
2030,11
2031,2.5
2032,2.1
2033,5.4
2034,6.2
2035,7.8
2036,7.4
2037,9.3
2038,9.3
2039,9.5
2040,8.5
2041,10
2042,7.7
2043,9.3
2044,9.1
2045,3.5
2046,3.6
2047,2.5
2048,1.7
2049,2.7
2050,2.9
2051,5.3
2052,7.7
2053,9.1
2054,9.4
2055,7.3
2056,8.4
2057,9.2
2058,6.6
2059,9.7
2060,12.4
2061,10.2
2062,5.9
2063,7.1
2064,7.5
2065,9.7
2066,12.2
2067,5.6
2068,5.4
2069,8.3
2070,10.6
2071,9.1
2072,11.3
2073,10.9
2074,8.9
2075,6.3
2076,9
2077,6.1
2078,9.1
2079,9.6
2080,6
2081,10
2082,11
2083,6.2
2084,8.3
2085,11.3
2086,11.3
2087,6.7
2088,6.6
2089,11.4
2090,6.9
2091,10.6
2092,8.6
2093,11.3
2094,12.5
2095,9.9
2096,6.9
2097,5.5
2098,7.8
2099,11
2100,16.2
2101,9.9
2102,8.7
2103,10.5
2104,12.2
2105,10.6
2106,8.3
2107,5.5
2108,9
2109,6.4
2110,7.2
2111,12.9
2112,12
2113,7.3
2114,9.7
2115,8.4
2116,14.7
2117,9.5
2118,7.9
2119,6.8
2120,12.6
2121,5.2
2122,7.5
2123,8.7
2124,7.6
2125,9
2126,7.2
2127,10.7
2128,13.1
2129,13.9
2130,10.8
2131,10.4
2132,9.1
2133,16
2134,21
2135,16.2
2136,8.6
2137,9.2
2138,12.5
2139,9.7
2140,12.5
2141,10.3
2142,12
2143,11
2144,14.8
2145,15
2146,15.3
2147,10.3
2148,10.7
2149,10.5
2150,8.9
2151,8.1
2152,11.5
2153,12.8
2154,9.1
2155,14.6
2156,11.6
2157,11.2
2158,12.6
2159,7.5
2160,11
2161,14.5
2162,18.5
2163,15.4
2164,13.1
2165,16.3
2166,20.2
2167,11.5
2168,12.4
2169,10.9
2170,12.7
2171,12.2
2172,12.4
2173,9.8
2174,8.5
2175,14.7
2176,12
2177,10.3
2178,11
2179,10.2
2180,12.6
2181,11.6
2182,9.7
2183,13.4
2184,10.5
2185,14.7
2186,14.6
2187,14.2
2188,13.2
2189,11.7
2190,17.2
2191,12.3
2192,13.8
2193,15.3
2194,15.6
2195,16.2
2196,16.3
2197,16.8
2198,11
2199,8.5
2200,13.2
2201,13
2202,12.4
2203,13
2204,16.6
2205,12
2206,12.4
2207,15
2208,11.8
2209,11.6
2210,12.2
2211,13.7
2212,11.2
2213,12.4
2214,11.5
2215,13.8
2216,15.7
2217,12.9
2218,11.5
2219,11
2220,12.7
2221,14.9
2222,16.5
2223,12.8
2224,12.7
2225,12.7
2226,11.6
2227,13.3
2228,15.2
2229,16.4
2230,11.9
2231,15.1
2232,10.6
2233,13.6
2234,12.1
2235,16
2236,16.8
2237,16.6
2238,15.6
2239,15.2
2240,17.7
2241,21
2242,13.4
2243,10.5
2244,9.5
2245,12
2246,10.4
2247,11.5
2248,13.2
2249,15
2250,14.1
2251,12.4
2252,13.4
2253,12.5
2254,14.3
2255,17.6
2256,10.4
2257,9.9
2258,10.2
2259,11.3
2260,9.5
2261,11.8
2262,11.5
2263,10.5
2264,10.8
2265,13
2266,18.5
2267,18.7
2268,15
2269,13
2270,11.3
2271,13
2272,13.3
2273,11
2274,10.3
2275,13
2276,12.3
2277,15.6
2278,10.2
2279,10.8
2280,12
2281,13.3
2282,11.7
2283,12.5
2284,13.7
2285,14.9
2286,20.2
2287,16.3
2288,13.9
2289,10.1
2290,7.3
2291,14
2292,17.7
2293,16.3
2294,10.6
2295,9.7
2296,7.8
2297,10.4
2298,10.4
2299,14.1
2300,7.1
2301,8.1
2302,7.8
2303,10.6
2304,9.1
2305,9
2306,11.9
2307,17.1
2308,16.8
2309,13.5
2310,11.6
2311,7
2312,9.7
2313,9.9
2314,11.2
2315,11.3
2316,11.8
2317,9.9
2318,7.1
2319,9.6
2320,9.8
2321,10.6
2322,12.8
2323,16.5
2324,11.7
2325,12.3
2326,12.2
2327,11.8
2328,10.7
2329,10.2
2330,10
2331,8.3
2332,6.6
2333,9.5
2334,12.3
2335,7.6
2336,9.3
2337,5
2338,4.3
2339,6.4
2340,10.8
2341,7.8
2342,8.5
2343,9.7
2344,10
2345,11
2346,10.2
2347,6.6
2348,6.1
2349,5.9
2350,8.9
2351,13
2352,12.6
2353,5.4
2354,6
2355,7.8
2356,9
2357,4.2
2358,3
2359,4.5
2360,6.2
2361,11.9
2362,11.8
2363,9.4
2364,9.6
2365,9.4
2366,7
2367,8.9
2368,9.3
2369,6.8
2370,7.5
2371,8
2372,8.3
2373,2.7
2374,3.9
2375,4.1
2376,5
2377,5.8
2378,4.4
2379,4.1
2380,5.8
2381,9.1
2382,7.9
2383,5
2384,2.8
2385,4.7
2386,8.9
2387,5.4
2388,7.1
2389,9
2390,9.4
2391,6.3
2392,7
2393,6.4
2394,6.7
2395,1.5
2396,2.9
2397,4.8
2398,6.3
2399,5.7
2400,7
2401,8.8
2402,8.7
2403,9
2404,9.6
2405,8
2406,8.4
2407,8.1
2408,9
2409,5.3
2410,8.9
2411,8.7
2412,4.9
2413,7
2414,7.5
2415,7
2416,9.1
2417,11.8
2418,9.9
2419,5.6
2420,4.2
2421,4.3
2422,8
2423,5.1
2424,9.4
2425,9.1
2426,9.7
2427,10.6
2428,8.6
2429,10.1
2430,11
2431,9.7
2432,5
2433,6.1
2434,5.4
2435,5.8
2436,7.3
2437,6.3
2438,4.8
2439,7.6
2440,8.1
2441,9.5
2442,10.3
2443,7
2444,9
2445,10.2
2446,6.8
2447,9.3
2448,9.8
2449,10.7
2450,7.8
2451,9.2
2452,15
2453,7.8
2454,5.3
2455,9.5
2456,7.6
2457,14
2458,14.9
2459,14.9
2460,19.2
2461,17
2462,13
2463,11.2
2464,9.5
2465,10.3
2466,9.3
2467,11.3
2468,6.5
2469,12
2470,8.3
2471,8.7
2472,8.7
2473,10.2
2474,6.9
2475,4.9
2476,10
2477,7.6
2478,14.5
2479,13.2
2480,9.9
2481,10.1
2482,11.3
2483,10.4
2484,10.9
2485,9.2
2486,10.5
2487,11.4
2488,13.5
2489,9.8
2490,13.1
2491,9.7
2492,11.4
2493,9.9
2494,14.4
2495,19
2496,23
2497,15.4
2498,9.6
2499,10.8
2500,12.1
2501,11
2502,12.6
2503,14.7
2504,11.1
2505,10.1
2506,11.4
2507,13
2508,11.9
2509,9.5
2510,13.5
2511,15.2
2512,18.4
2513,24.1
2514,14.1
2515,10.7
2516,8.7
2517,13.3
2518,11.6
2519,9.9
2520,10.8
2521,11.5
2522,10
2523,13.9
2524,13.6
2525,11.9
2526,11.1
2527,8.2
2528,9.4
2529,12.7
2530,11.6
2531,11
2532,11.3
2533,13.4
2534,14.9
2535,15.2
2536,13.9
2537,15
2538,16.2
2539,17.7
2540,20.5
2541,14.7
2542,12.5
2543,10.9
2544,12.8
2545,12.7
2546,11.2
2547,11.4
2548,11.2
2549,12.1
2550,12.7
2551,16.2
2552,14.2
2553,14.3
2554,13.3
2555,16.7
2556,15.3
2557,14.3
2558,13.5
2559,15
2560,13.6
2561,15.2
2562,17
2563,18.7
2564,16.5
2565,17.4
2566,18.3
2567,18.3
2568,22.4
2569,21.4
2570,20.9
2571,17.6
2572,15.5
2573,16.6
2574,16.2
2575,15.6
2576,14.5
2577,14
2578,15.6
2579,12.3
2580,11.6
2581,12.6
2582,14.9
2583,17.3
2584,21.4
2585,23.4
2586,14.4
2587,14.1
2588,15
2589,14.5
2590,15.1
2591,13.9
2592,13.4
2593,9.2
2594,12.5
2595,15.1
2596,12.1
2597,14.5
2598,16.3
2599,16.5
2600,14.9
2601,13.2
2602,11.8
2603,13.6
2604,16.2
2605,14.1
2606,13.5
2607,15
2608,14.8
2609,16.2
2610,16.2
2611,13.3
2612,15.3
2613,18.4
2614,16.2
2615,16.3
2616,12.4
2617,15.6
2618,14.9
2619,14.8
2620,12.7
2621,14.2
2622,16.8
2623,16.7
2624,16.2
2625,14.5
2626,10
2627,12.6
2628,11.9
2629,11.8
2630,13.4
2631,14.5
2632,15.7
2633,15.3
2634,13.9
2635,13.7
2636,15.1
2637,15.6
2638,14.4
2639,13.9
2640,16.2
2641,16.7
2642,15.5
2643,16.4
2644,17.5
2645,18.2
2646,16.1
2647,16.5
2648,14.6
2649,16.4
2650,13.6
2651,15.9
2652,11.9
2653,14.7
2654,9.4
2655,6.6
2656,7.9
2657,11
2658,15.7
2659,15.2
2660,15.9
2661,10.6
2662,8.3
2663,8.6
2664,12.7
2665,10.5
2666,12
2667,11.1
2668,13
2669,12.4
2670,13.3
2671,15.9
2672,12
2673,13.7
2674,17.6
2675,14.3
2676,13.7
2677,15.2
2678,14.5
2679,14.9
2680,15.5
2681,16.4
2682,14.5
2683,12.6
2684,13.6
2685,11.2
2686,11
2687,12
2688,6.8
2689,10.6
2690,13.1
2691,13.5
2692,11.7
2693,13.2
2694,12
2695,10.4
2696,10
2697,8.2
2698,9.4
2699,10.3
2700,8.1
2701,8.7
2702,12.6
2703,10.9
2704,8.7
2705,9.3
2706,6.3
2707,7.8
2708,10
2709,11
2710,11.1
2711,12.6
2712,10.2
2713,11.1
2714,8.7
2715,9.5
2716,9.7
2717,8.2
2718,5
2719,6.5
2720,12.1
2721,8.9
2722,6.1
2723,2.8
2724,3.7
2725,6.8
2726,6.6
2727,7
2728,7.3
2729,7.9
2730,10.6
2731,8.1
2732,6.7
2733,8
2734,10
2735,6.7
2736,9.4
2737,9.3
2738,6
2739,5.8
2740,4.9
2741,5
2742,8.4
2743,12.3
2744,13
2745,11.4
2746,6.8
2747,7.6
2748,12.4
2749,7.1
2750,7.5
2751,10
2752,5.3
2753,6.3
2754,8
2755,8.3
2756,9.3
2757,9.5
2758,5.6
2759,7
2760,8.5
2761,8.5
2762,8.2
2763,8.5
2764,9.6
2765,9.7
2766,7.1
2767,8.4
2768,9.2
2769,9.8
2770,8.1
2771,9.4
2772,10
2773,5.1
2774,6.7
2775,6.9
2776,6.8
2777,8.6
2778,9.1
2779,3.9
2780,4.8
2781,8.4
2782,11.6
2783,12.1
2784,12.4
2785,10
2786,10.1
2787,9.7
2788,11.7
2789,7.9
2790,8.6
2791,7.7
2792,5.8
2793,8.7
2794,10.6
2795,6.7
2796,8.8
2797,9.7
2798,9
2799,11.8
2800,15.2
2801,10
2802,10.5
2803,5.5
2804,9.4
2805,8.8
2806,5.3
2807,13
2808,15.2
2809,13.2
2810,11.5
2811,6.8
2812,4.7
2813,5.2
2814,6.8
2815,10.7
2816,10.1
2817,10
2818,9.8
2819,5.5
2820,13.5
2821,16.6
2822,8.4
2823,8.2
2824,11.1
2825,10.8
2826,8.8
2827,10.8
2828,8.7
2829,12.4
2830,9
2831,13.5
2832,14.7
2833,10.9
2834,8.5
2835,6
2836,12.7
2837,11.1
2838,8.7
2839,12.3
2840,13.3
2841,5.6
2842,13.7
2843,8.5
2844,11.2
2845,8.7
2846,11.7
2847,12.5
2848,8.2
2849,15.6
2850,10.3
2851,11.4
2852,9.7
2853,6.3
2854,14.3
2855,11.3
2856,7.3
2857,12.8
2858,11.9
2859,14.3
2860,11.6
2861,13.2
2862,15.5
2863,14.1
2864,9.5
2865,7.2
2866,11.8
2867,16.8
2868,12.5
2869,9.4
2870,11.9
2871,10.3
2872,16.9
2873,17.5
2874,7.5
2875,8.6
2876,11.1
2877,11.5
2878,10.7
2879,15.7
2880,12.8
2881,13
2882,12.9
2883,14.3
2884,13.7
2885,12.1
2886,11.9
2887,11.8
2888,11.4
2889,10.3
2890,11.7
2891,12
2892,17.4
2893,16.8
2894,16.2
2895,13
2896,12.5
2897,12.4
2898,16.1
2899,20.2
2900,14.3
2901,11
2902,14.4
2903,15.7
2904,19.7
2905,20.7
2906,23.9
2907,16.6
2908,17.5
2909,14.9
2910,13.6
2911,11.9
2912,15.2
2913,17.3
2914,19.8
2915,15.8
2916,9.5
2917,12.9
2918,12.9
2919,14.8
2920,14.1
2921,14.3
2922,17.4
2923,18.5
2924,16.8
2925,11.5
2926,9.5
2927,12.2
2928,15.7
2929,16.3
2930,13.6
2931,12.6
2932,13.8
2933,12.1
2934,13.4
2935,17.3
2936,19.4
2937,16.6
2938,13.9
2939,13.1
2940,16
2941,14.5
2942,15
2943,12.6
2944,12.5
2945,15.2
2946,16.2
2947,16.5
2948,20.1
2949,20.6
2950,16.9
2951,16.5
2952,16.1
2953,14.4
2954,16.3
2955,15.7
2956,14.2
2957,13.2
2958,16.8
2959,18.5
2960,16.7
2961,15.3
2962,15.9
2963,15.2
2964,17.5
2965,18.3
2966,19.4
2967,19.4
2968,19.5
2969,20.5
2970,15.7
2971,15
2972,16.1
2973,14.3
2974,13
2975,16.2
2976,17.7
2977,13.2
2978,15.8
2979,18.5
2980,20.4
2981,22
2982,19.7
2983,19.6
2984,20.3
2985,18.3
2986,18.9
2987,20.3
2988,21.4
2989,18.3
2990,17.8
2991,17.7
2992,12.8
2993,15.1
2994,15
2995,14.8
2996,12
2997,12.5
2998,15
2999,17.1
3000,17.3
3001,16.9
3002,16.5
3003,13.6
3004,13.2
3005,9.4
3006,9.5
3007,11.8
3008,10.4
3009,9.7
3010,12.6
3011,13.3
3012,15.1
3013,14.2
3014,14.2
3015,19.2
3016,12.6
3017,14.2
3018,11.9
3019,13.9
3020,13.5
3021,15.3
3022,13.9
3023,14
3024,12.9
3025,8.5
3026,11.4
3027,10.9
3028,12
3029,8.6
3030,9
3031,9.6
3032,10.2
3033,9.8
3034,8.3
3035,11
3036,11.9
3037,14
3038,15.8
3039,14.5
3040,13.2
3041,14.2
3042,14.6
3043,11.8
3044,14.4
3045,10.4
3046,10.3
3047,10.8
3048,10.5
3049,9.5
3050,12.5
3051,13.7
3052,12.7
3053,11.9
3054,11.4
3055,9.7
3056,8.3
3057,8.1
3058,11.7
3059,11.6
3060,7.4
3061,5.2
3062,11
3063,9.5
3064,9.2
3065,10.7
3066,9
3067,10.2
3068,10.3
3069,12.1
3070,13.2
3071,6.6
3072,2.3
3073,1.4
3074,2.1
3075,6.6
3076,8.9
3077,7.8
3078,9
3079,10.3
3080,7.9
3081,7.2
3082,8.6
3083,8.8
3084,6.2
3085,9.5
3086,10.2
3087,9.7
3088,11.2
3089,10.2
3090,10.1
3091,8.1
3092,6.6
3093,5
3094,4.7
3095,5.3
3096,4.5
3097,2.3
3098,1.4
3099,0.5
3100,2.4
3101,8
3102,6
3103,7.1
3104,9.7
3105,6.9
3106,5.3
3107,7
3108,6.2
3109,7
3110,9.7
3111,8
3112,8.5
3113,7.1
3114,7.5
3115,3.3
3116,1.8
3117,2.6
3118,5.3
3119,5.8
3120,5.8
3121,7.2
3122,5.3
3123,1.6
3124,3.1
3125,5.3
3126,7.7
3127,4.2
3128,5.5
3129,9
3130,11.2
3131,8
3132,7.6
3133,3.7
3134,7.5
3135,8.1
3136,8.4
3137,7.1
3138,7.6
3139,7.6
3140,5.6
3141,7
3142,10.5
3143,7.3
3144,7.8
3145,5.8
3146,3.8
3147,5.8
3148,6.7
3149,6.6
3150,6.6
3151,9
3152,8.1
3153,5.1
3154,8.6
3155,7
3156,5.5
3157,7.4
3158,6.2
3159,4.2
3160,6.3
3161,7
3162,4
3163,8
3164,8.8
3165,8.8
3166,6.1
3167,8.6
3168,8.9
3169,7.8
3170,5
3171,7
3172,13.3
3173,7.9
3174,7.5
3175,8.3
3176,7.2
3177,6.5
3178,8.9
3179,7.4
3180,9.9
3181,9.3
3182,10.6
3183,8.6
3184,7.2
3185,12.6
3186,7.8
3187,6.3
3188,9.2
3189,5.8
3190,9
3191,5
3192,11.9
3193,13.4
3194,10.5
3195,6.2
3196,5.1
3197,9.5
3198,11.7
3199,9.2
3200,7.3
3201,9.7
3202,9.4
3203,10
3204,10.9
3205,11
3206,10.9
3207,8
3208,11.2
3209,7.5
3210,7.2
3211,13.2
3212,12.9
3213,9.4
3214,10.2
3215,9.5
3216,12.4
3217,10.2
3218,13.4
3219,11.6
3220,8
3221,9
3222,9.3
3223,13.5
3224,8
3225,8.1
3226,10
3227,8.5
3228,12.5
3229,15
3230,13.3
3231,11
3232,11.9
3233,8.3
3234,9.7
3235,11.3
3236,12.5
3237,9.4
3238,11.4
3239,13.2
3240,13.8
3241,16
3242,10.9
3243,11.9
3244,12.4
3245,13.2
3246,15.5
3247,21.6
3248,14.9
3249,14.4
3250,12.9
3251,13.1
3252,14
3253,17.9
3254,17.7
3255,16.3
3256,18.3
3257,13.7
3258,13.3
3259,10.6
3260,14.1
3261,16
3262,16.5
3263,14.1
3264,18.7
3265,16.2
3266,14.8
3267,12.6
3268,10.4
3269,12.2
3270,12.6
3271,12.1
3272,17.3
3273,16.4
3274,12.6
3275,12.3
3276,11.8
3277,12
3278,12.7
3279,16.4
3280,16
3281,13.3
3282,11.7
3283,10.4
3284,14.4
3285,12.7
3286,14.8
3287,13.3
3288,15.6
3289,14.5
3290,14.3
3291,15.3
3292,16.4
3293,14.8
3294,17.4
3295,18.8
3296,22.1
3297,19
3298,15.5
3299,15.8
3300,14.7
3301,10.7
3302,11.5
3303,15
3304,14.5
3305,14.5
3306,13.3
3307,14.3
3308,14.3
3309,20.5
3310,15
3311,17.1
3312,16.9
3313,16.9
3314,13.6
3315,16.4
3316,16.1
3317,12
3318,12.2
3319,14.8
3320,14.8
3321,14.4
3322,12.9
3323,13.4
3324,15.9
3325,16.1
3326,17.6
3327,15.6
3328,15
3329,13
3330,14.1
3331,17.3
3332,15.7
3333,18.6
3334,12.7
3335,14
3336,13.7
3337,16.3
3338,20
3339,17
3340,15.2
3341,16.5
3342,16.5
3343,17.3
3344,19.1
3345,19.3
3346,17.3
3347,19
3348,19.8
3349,19.3
3350,17.2
3351,14.2
3352,10.3
3353,13
3354,15.3
3355,15
3356,12.1
3357,9.2
3358,11
3359,15
3360,11.6
3361,11.6
3362,15.1
3363,15
3364,13.6
3365,12.5
3366,14.3
3367,16
3368,17.4
3369,16.9
3370,18
3371,20.6
3372,14.2
3373,10.9
3374,11.9
3375,13.3
3376,15.3
3377,14.7
3378,11
3379,12.2
3380,14.2
3381,17
3382,15.8
3383,15.2
3384,15.1
3385,14.7
3386,18.5
3387,16.4
3388,18.4
3389,15.1
3390,9.9
3391,10.2
3392,12.6
3393,13.2
3394,11.5
3395,13.8
3396,14.5
3397,14.7
3398,11.2
3399,12.7
3400,13.7
3401,11.5
3402,10.4
3403,8.9
3404,11.1
3405,9.5
3406,13
3407,13.9
3408,12.6
3409,14.3
3410,16
3411,13.3
3412,7
3413,4.9
3414,6.9
3415,13.7
3416,10.6
3417,12.3
3418,11.1
3419,10.2
3420,9.5
3421,8.9
3422,13.4
3423,9.1
3424,9.4
3425,8.7
3426,5.8
3427,4.5
3428,7.2
3429,10
3430,10.5
3431,10.7
3432,8.2
3433,6.1
3434,4.5
3435,6.1
3436,9.8
3437,9.7
3438,8.2
3439,8.4
3440,8.5
3441,10.4
3442,6.8
3443,6
3444,6.6
3445,7.8
3446,10.3
3447,7.2
3448,7.4
3449,11.4
3450,5.4
3451,4.4
3452,6.4
3453,9.3
3454,7.7
3455,8.1
3456,8.3
3457,9.1
3458,7.7
3459,10.6
3460,8.2
3461,7.9
3462,5.2
3463,5.9
3464,3.7
3465,5.6
3466,9.4
3467,7.4
3468,7.3
3469,7.7
3470,7.7
3471,9.3
3472,4.4
3473,5.7
3474,10.2
3475,10.2
3476,9.3
3477,5.4
3478,5
3479,7.6
3480,9.6
3481,10.4
3482,11.2
3483,9.1
3484,11.2
3485,6.8
3486,8.3
3487,9.7
3488,9.6
3489,9.8
3490,10.8
3491,9.2
3492,6.5
3493,8.1
3494,7.3
3495,7.9
3496,6
3497,5
3498,6.8
3499,9.8
3500,5.7
3501,8.6
3502,10.6
3503,7.8
3504,7.7
3505,8.6
3506,6.5
3507,6.9
3508,6.4
3509,8.5
3510,7.8
3511,9.3
3512,8.4
3513,7.8
3514,7.4
3515,7.7
3516,8.9
3517,9.7
3518,9.9
3519,6.1
3520,6.6
3521,7.6
3522,7.4
3523,8
3524,2.1
3525,5.9
3526,11.6
3527,8.6
3528,7.9
3529,6
3530,9.5
3531,8.6
3532,7.6
3533,10.4
3534,10.3
3535,7.5
3536,3
3537,5.3
3538,10.5
3539,14.6
3540,12.6
3541,9.8
3542,7.2
3543,10.1
3544,10.4
3545,3.7
3546,7.3
3547,11.6
3548,16.3
3549,9.6
3550,6.8
3551,5.2
3552,10.6
3553,16.3
3554,9.8
3555,4.6
3556,11.1
3557,8.7
3558,10
3559,11.3
3560,10.5
3561,9.9
3562,11
3563,14
3564,9.2
3565,9.8
3566,6
3567,9.8
3568,9.2
3569,11.8
3570,10.3
3571,7.5
3572,7.7
3573,15.8
3574,14.6
3575,10.5
3576,11.3
3577,10.9
3578,6.4
3579,10.9
3580,9
3581,10.9
3582,12.4
3583,11.6
3584,13.3
3585,14.4
3586,18.4
3587,13.6
3588,14.9
3589,14.8
3590,15.4
3591,11.8
3592,13
3593,11.1
3594,12.5
3595,18.3
3596,19.2
3597,15.4
3598,13.1
3599,11.5
3600,8.6
3601,12.6
3602,13.8
3603,14.6
3604,13.2
3605,12.3
3606,8.8
3607,10.7
3608,9.9
3609,8.3
3610,15
3611,12.2
3612,10.5
3613,11.1
3614,13
3615,12.9
3616,8.8
3617,14.7
3618,14.7
3619,12.7
3620,13.3
3621,13.2
3622,16.2
3623,17.3
3624,20.5
3625,20.2
3626,19.4
3627,15.5
3628,14.1
3629,11
3630,11.1
3631,14
3632,11.4
3633,12.5
3634,13.4
3635,13.6
3636,13.9
3637,17.2
3638,14.7
3639,15.4
3640,13.1
3641,13.2
3642,13.9
3643,10
3644,12.9
3645,14.6
3646,14
3647,13.6
3648,13.5
3649,15.7
3650,13