42.652,42.652
41.362,41.362
43.408,43.408
40.262,40.262
40.328,40.328
42.652,42.652
39.836,39.836
42.57,42.57
45.212,45.212
41.15,41.15
42.91,42.91
43.756,43.756
38.522,38.522
42.488,42.488
41.268,41.268
42.136,42.136
42.066,42.066
43.544,43.544
38.404,38.404
42.018,42.018
44.872,44.872
40.658,40.658
42.276,42.276
43.052,43.052
43.568,43.568
38.356,38.356
39.788,39.788
41.83,41.83
39.038,39.038
42.184,42.184
41.76,41.76
43.99,43.99
41.476,41.476
39.236,39.236
41.798,41.798
39.722,39.722
40.61,40.61
44.414,44.414
38.404,38.404
41.982,41.982
42.066,42.066
42.336,42.336
41.01,41.01
43.122,43.122
39.954,39.954
40.516,40.516
45.396,45.396
38.188,38.188
42.536,42.536
38.882,38.882
40.766,40.766
40.4,40.4
41.808,41.808
42.324,42.324
44.152,44.152
40.234,40.234
40.892,40.892
41.494,41.494
40.61,40.61
42.484,42.484
38.774,38.774
45.14,45.14
40.122,40.122
41.01,41.01
43.708,43.708
40.61,40.61
43.498,43.498
42.606,42.606
46.362,46.362
40.306,40.306
46.478,46.478
38.808,38.808
41.878,41.878
44.254,44.254
41.57,41.57
39.206,39.206
40.482,40.482
43.594,43.594
41.808,41.808
40.752,40.752
46.314,46.314
38.99,38.99
41.666,41.666
39.39,39.39
40.812,40.812
42.204,42.204
44.954,44.954
41.55,41.55
42.09,42.09
42.178,42.178
43.24,43.24
38.27,38.27
42.206,42.206
44.156,44.156
41.332,41.332
42.276,42.276
41.15,41.15
41.648,41.648
41.298,41.298
38.616,38.616
41.15,41.15
44.718,44.718
41.924,41.924
42.042,42.042
42.536,42.536
45.164,45.164
39.142,39.142
41,41
40.576,40.576
44.234,44.234
42.816,42.816
41.314,41.314
40.156,40.156
45.684,45.684
39.508,39.508
42.36,42.36
46.882,46.882
40.188,40.188
40.576,40.576
41.924,41.924
40.68,40.68
39.152,39.152
45,45
38.898,38.898
41.69,41.69
43.568,43.568
42.23,42.23
42.3,42.3
44.328,44.328
40.172,40.172
41.292,41.292
44.812,44.812
43.17,43.17
42.7,42.7
45.716,45.716
39.202,39.202
41.572,41.572
44.164,44.164
40.798,40.798
42.066,42.066
43.708,43.708
41.22,41.22
41.394,41.394
41.996,41.996
40.102,40.102
42.37,42.37
38.858,38.858
42.16,42.16
41.422,41.422
43.146,43.146
40.54,40.54
43.988,43.988
41.126,41.126
40.868,40.868
46.478,46.478
41.76,41.76
43.538,43.538
44.014,44.014
44.406,44.406
38.25,38.25
41.022,41.022
43.926,43.926
39.578,39.578
43.638,43.638
44.578,44.578
38.92,38.92
40.538,40.538
43.498,43.498
39.468,39.468
39.366,39.366
42.498,42.498
38.826,38.826
41.182,41.182
42.866,42.866
40.932,40.932
42.538,42.538
47.37,47.37
38.81,38.81
45.114,45.114
45.438,45.438
42.864,42.864
44.738,44.738
46.43,46.43
41.028,41.028
40.362,40.362
46.266,46.266
39.342,39.342
44.248,44.248
42.63,42.63
42.77,42.77
43.944,43.944
40.774,40.774
43.728,43.728
48.756,48.756
41.29,41.29
41.572,41.572
42.262,42.262
45.6,45.6
41.15,41.15
44.302,44.302
41.972,41.972
42.324,42.324
43.028,43.028
44.648,44.648
43.404,43.404
38.052,38.052
41.338,41.338
40.602,40.602
40.61,40.61
42.18,42.18
40.446,40.446
45.188,45.188
44.132,44.132
41.644,41.644
39.248,39.248
42.042,42.042
40.364,40.364
42.182,42.182
38.79,38.79
42.04,42.04
43.38,43.38
41.08,41.08
40.68,40.68
41.878,41.878
46.488,46.488
38.028,38.028
40.916,40.916
40.822,40.822
41.864,41.864
41.456,41.456
44.804,44.804
38.99,38.99
40.57,40.57
45.164,45.164
38.316,38.316
42.112,42.112
42.488,42.488
38.592,38.592
40.492,40.492
41.748,41.748
43.286,43.286
41.69,41.69
45.702,45.702
38.85,38.85
38.592,38.592
42.066,42.066
43.094,43.094
40.442,40.442
45.282,45.282
38.826,38.826
41.948,41.948
37.746,37.746
40.282,40.282
43.98,43.98
43.176,43.176
38.998,38.998
43.146,43.146
42.816,42.816
40.47,40.47
43.192,43.192
41.666,41.666
38.756,38.756
40.22,40.22
40.564,40.564
41.62,41.62
39.108,39.108
42.018,42.018
38.498,38.498
43.046,43.046
39.954,39.954
43.226,43.226
42.348,42.348
41.456,41.456
39.508,39.508
41.032,41.032
40.634,40.634
41.994,41.994
45.798,45.798
39.624,39.624
42.376,42.376
40.634,40.634
41.314,41.314
40.634,40.634
42.84,42.84
40.306,40.306
40.564,40.564
40.704,40.704
42.16,42.16
39.264,39.264
44.178,44.178
38.494,38.494
41.962,41.962
40.586,40.586
43.732,43.732
39.32,39.32
42.556,42.556
40.822,40.822
43.404,43.404
43.334,43.334
42.02,42.02
39.414,39.414
42.736,42.736
42.196,42.196
38.99,38.99
40.822,40.822
42.324,42.324
40.592,40.592
42.846,42.846
46.784,46.784
36.784,36.784
40.936,40.936
41.832,41.832
43.672,43.672
39.08,39.08
41.582,41.582
39.442,39.442
42.018,42.018
40.736,40.736
42.394,42.394
40.04,40.04
44.374,44.374
41.804,41.804
39.236,39.236
40.446,40.446
42.442,42.442
40.452,40.452
45.418,45.418
38.076,38.076
40.798,40.798
43.602,43.602
39.574,39.574
40.69,40.69
43.968,43.968
41.198,41.198
43.15,43.15
42.23,42.23
44.56,44.56
40.422,40.422
41.01,41.01
38.544,38.544
40.438,40.438
42.29,42.29
40.576,40.576
41.262,41.262
44.156,44.156
42.724,42.724
36.73,36.73
45.47,45.47
38.568,38.568
44.062,44.062
41.552,41.552
41.256,41.256
43.544,43.544
42.816,42.816
42.91,42.91
41.15,41.15
40.846,40.846
42.212,42.212
41.808,41.808
43.192,43.192
41.738,41.738
38.934,38.934
40.816,40.816
40.542,40.542
43.48,43.48
42.02,42.02
43.336,43.336
37.5,37.5
42.456,42.456
40.64,40.64
42.418,42.418
42.204,42.204
42.35,42.35
42.136,42.136
40.14,40.14
39.742,39.742
40.638,40.638
42.488,42.488
39.28,39.28
31.382,31.382
34.85,34.85
34.594,34.594
38.286,38.286
32.794,32.794
31.408,31.408
33.252,33.252
33.364,33.364
33.268,33.268
34.226,34.226
36.666,36.666
36.566,36.566
30.634,30.634
35.728,35.728
35.026,35.026
36.292,36.292
30.098,30.098
33.346,33.346
33.334,33.334
33.874,33.874
37.982,37.982
28.616,28.616
36.198,36.198
32.296,32.296
36.266,36.266
34.742,34.742
35.516,35.516
31.41,31.41
35.868,35.868
32.888,32.888
33.45,33.45
33.122,33.122
33.356,33.356
35,35
32.888,32.888
33.258,33.258
34.87,34.87
37.536,37.536
32.534,32.534
33.216,33.216
37.834,37.834
25.258,25.258
2.7,2.7
2.606,2.606
2.77,2.77
2.598,2.598
4.352,4.352
2.77,2.77
2.722,2.722
4.132,4.132
2.7,2.7
2.676,2.676
2.794,2.794
2.582,2.582
2.676,2.676
2.512,2.512
2.724,2.724
2.676,2.676
4.414,4.414
2.84,2.84
2.912,2.912
6.22,6.22
2.724,2.724
2.816,2.816
2.606,2.606
2.724,2.724
2.606,2.606
2.7,2.7
2.724,2.724
2.596,2.596
4.352,4.352
2.77,2.77
2.816,2.816
4.038,4.038
2.794,2.794
2.724,2.724
2.722,2.722
2.768,2.768
2.77,2.77
2.606,2.606
2.668,2.668
2.662,2.662
4.4,4.4
2.756,2.756
2.84,2.84
4.342,4.342
2.746,2.746
2.606,2.606
2.63,2.63
2.816,2.816
2.644,2.644
2.734,2.734
2.7,2.7
2.7,2.7
4.414,4.414
2.652,2.652
2.888,2.888
4.084,4.084
2.746,2.746
2.652,2.652
2.63,2.63
2.652,2.652
2.558,2.558
2.7,2.7
2.794,2.794
2.464,2.464
4.188,4.188
2.71,2.71
2.792,2.792
4.388,4.388
2.77,2.77
2.852,2.852
2.7,2.7
2.888,2.888
2.746,2.746
2.676,2.676
2.84,2.84
2.77,2.77
4.46,4.46
2.958,2.958
2.982,2.982
4.32,4.32
3.126,3.126
2.724,2.724
2.794,2.794
2.606,2.606
2.55,2.55
2.568,2.568
2.84,2.84
2.606,2.606
4.32,4.32
2.77,2.77
2.982,2.982
4.39,4.39
3.556,3.556
3.382,3.382
3.486,3.486
3.568,3.568
3.38,3.38
3.122,3.122
3.356,3.356
3.544,3.544
5.234,5.234
3.51,3.51
3.512,3.512
5.046,5.046
3.686,3.686
3.522,3.522
3.804,3.804
3.802,3.802
3.946,3.946
3.78,3.78
3.968,3.968
3.742,3.742
5.916,5.916
3.686,3.686
3.568,3.568
5.212,5.212
3.498,3.498
3.262,3.262
3.286,3.286
3.85,3.85
3.92,3.92
3.592,3.592
3.404,3.404
3.192,3.192
5.094,5.094
3.334,3.334
3.616,3.616
5.376,5.376
3.544,3.544
3.592,3.592
3.24,3.24
3.38,3.38
2.724,2.724
2.746,2.746
2.676,2.676
2.582,2.582
4.954,4.954
3.332,3.332
3.428,3.428
4.954,4.954
3.38,3.38
3.45,3.45
3.192,3.192
3.334,3.334
3.122,3.122
3.146,3.146
3.404,3.404
2.934,2.934
5.188,5.188
3.45,3.45
2.724,2.724
4.32,4.32
3.544,3.544
3.192,3.192
3.216,3.216
3.522,3.522
2.7,2.7
3.498,3.498
3.522,3.522
3.216,3.216
4.812,4.812
2.794,2.794
2.958,2.958
4.132,4.132
2.768,2.768
2.63,2.63
2.606,2.606
2.536,2.536
2.606,2.606
2.692,2.692
2.568,2.568
56.854,56.854
38.874,38.874
34.202,34.202
35.962,35.962
34.46,34.46
32.726,32.726
35,35
31.08,31.08
34.32,34.32
34.084,34.084
31.268,31.268
33.18,33.18
35.046,35.046
32.91,32.91
32.808,32.808
34.366,34.366
36.476,36.476
34.084,34.084
33.004,33.004
35.212,35.212
30.58,30.58
33.498,33.498
35.62,35.62
32.84,32.84
32.37,32.37
35.192,35.192
34.632,34.632
35.938,35.938
36.738,36.738
34.062,34.062
31.972,31.972
32.018,32.018
33.146,33.146
35.822,35.822
35.376,35.376
31.644,31.644
33.122,33.122
35.262,35.262
38.31,38.31
31.15,31.15
36.672,36.672
31.524,31.524
33.356,33.356
33.474,33.474
33.344,33.344
36.032,36.032
36.086,36.086
34.59,34.59
30.564,30.564
36.244,36.244
34.972,34.972
33.192,33.192
37.864,37.864
30.218,30.218
33.216,33.216
33.098,33.098
35.732,35.732
32.442,32.442
32.512,32.512
32.016,32.016
33.554,33.554
35.4,35.4
33.13,33.13
33.38,33.38
36.554,36.554
35.212,35.212
32.218,32.218
34.596,34.596
31.984,31.984
33.722,33.722
35.54,35.54
31.448,31.448
33.284,33.284
34.882,34.882
33.522,33.522
33.198,33.198
36.268,36.268
36.432,36.432
31.268,31.268
33.052,33.052
33.082,33.082
32.91,32.91
35.22,35.22
32.65,32.65
33.802,33.802
32.746,32.746
33.24,33.24
33.262,33.262
36.62,36.62
34.01,34.01
34.766,34.766
34.976,34.976
33.498,33.498
35.774,35.774
34.906,34.906
30.986,30.986
36.15,36.15
35.428,35.428
37.394,37.394
35.046,35.046
39.644,39.644
31.738,31.738
33.472,33.472
33.356,33.356
35.798,35.798
30.564,30.564
37.394,37.394
34.014,34.014
31.314,31.314
34.882,34.882
33.404,33.404
35.306,35.306
35.492,35.492
36.362,36.362
30.506,30.506
33.216,33.216
35.986,35.986
36.784,36.784
31.186,31.186
33.952,33.952
33.85,33.85
35.61,35.61
34.16,34.16
38.896,38.896
32.418,32.418
35.212,35.212
32.746,32.746
32.16,32.16
33.616,33.616
33.474,33.474
35.544,35.544
31.62,31.62
36.384,36.384
34.484,34.484
36.22,36.22
33.428,33.428
39.132,39.132
31.526,31.526
33.262,33.262
33.45,33.45
33.65,33.65
39.554,39.554
30.056,30.056
35.938,35.938
31.502,31.502
35.526,35.526
33.616,33.616
33.826,33.826
38.31,38.31
38.278,38.278
35.868,35.868
31.268,31.268
33.968,33.968
33.68,33.68
33.356,33.356
35.066,35.066
31.342,31.342
36.268,36.268
32.536,32.536
33.028,33.028
38.616,38.616
32.404,32.404
35.164,35.164
31.408,31.408
34.624,34.624
32.3,32.3
34.988,34.988
35.284,35.284
33.356,33.356
36.878,36.878
31.41,31.41
36.596,36.596
31.714,31.714
33.234,33.234
33.098,33.098
36.644,36.644
32.464,32.464
33.24,33.24
34.414,34.414
32.348,32.348
35.68,35.68
35.44,35.44
34.062,34.062
33.216,33.216
34.972,34.972
34.672,34.672
31.83,31.83
35.17,35.17
31.478,31.478
36.21,36.21
36.854,36.854
31.15,31.15
34.436,34.436
33.874,33.874
35.07,35.07
34.006,34.006
36.566,36.566
34.882,34.882
33.254,33.254
38.896,38.896
27.676,27.676
33.344,33.344
33.286,33.286
33.424,33.424
33.24,33.24
36.948,36.948
36.582,36.582
33.604,33.604
37.652,37.652
31.032,31.032
33.31,33.31
35.188,35.188
31.456,31.456
34.906,34.906
32.442,32.442
33.732,33.732
35.916,35.916
39.578,39.578
31.61,31.61
33.312,33.312
34.93,34.93
35.892,35.892
34.972,34.972
37.864,37.864
31.302,31.302
33.482,33.482
35.938,35.938
30.634,30.634
33.112,33.112
36.462,36.462
33.686,33.686
31.338,31.338
37.816,37.816
33.358,33.358
33.076,33.076
34.226,34.226
35.352,35.352
30.422,30.422
33.896,33.896
33.616,33.616
33.356,33.356
34.976,34.976
33.262,33.262
35.238,35.238
33.506,33.506
36.08,36.08
30.164,30.164
35.962,35.962
33.31,33.31
35.14,35.14
31.644,31.644
33.592,33.592
34.224,34.224
33.732,33.732
35,35
33.912,33.912
33.376,33.376
33.404,33.404
34.53,34.53
37.148,37.148
33.568,33.568
35.564,35.564
32.078,32.078
35.14,35.14
32.218,32.218
35.164,35.164
36.456,36.456
30.258,30.258
34.554,34.554
33.252,33.252
37.196,37.196
33.146,33.146
35.168,35.168
34.068,34.068
30.492,30.492
33.474,33.474
35.83,35.83
36.41,36.41
36.174,36.174
38.028,38.028
35.914,35.914
32.206,32.206
35.868,35.868
30.68,30.68
33.65,33.65
35.59,35.59
34.672,34.672
35.094,35.094
32.238,32.238
35.124,35.124
33.374,33.374
36.83,36.83
31.244,31.244
36.192,36.192
34.63,34.63
31.972,31.972
35.14,35.14
31.78,31.78
33.004,33.004
33.522,33.522
35.806,35.806
33.814,33.814
34.226,34.226
31.502,31.502
34.86,34.86
34.93,34.93
35.89,35.89
33.464,33.464
36.244,36.244
30.464,30.464
34.202,34.202
33.78,33.78
33.334,33.334
35.046,35.046
35.4,35.4
33.076,33.076
35.13,35.13
34.896,34.896
35.774,35.774
33.826,33.826
36.384,36.384
32.794,32.794
34.436,34.436
31.974,31.974
33.146,33.146
36.056,36.056
36.808,36.808
33.99,33.99
32.152,32.152
34.742,34.742
32.112,32.112
33.292,33.292
38.028,38.028
33.146,33.146
33.874,33.874
34.132,34.132
33.732,33.732
35.844,35.844
32.206,32.206
35.306,35.306
33.286,33.286
33.286,33.286
33.448,33.448
33.286,33.286
34.366,34.366
35.306,35.306
32.536,32.536
33.568,33.568
33.404,33.404
35,35
33.474,33.474
36.338,36.338
31.784,31.784
33.64,33.64
35.392,35.392
31.198,31.198
33.522,33.522
33.498,33.498
35.774,35.774
33.262,33.262
31.892,31.892
35.234,35.234
33.356,33.356
33.568,33.568
37.452,37.452
33.498,33.498
31.338,31.338
37.176,37.176
32.218,32.218
33.334,33.334
33.38,33.38
35.54,35.54
32.512,32.512
36.972,36.972
34.53,34.53
32.388,32.388
35.024,35.024
35.428,35.428
31.174,31.174
34.812,34.812
35.998,35.998
33.878,33.878
35.352,35.352
34.554,34.554
34.132,34.132
32.63,32.63
33.498,33.498
33.45,33.45
34.718,34.718
35.282,35.282
32.442,32.442
32.348,32.348
33.38,33.38
35.892,35.892
33.592,33.592
35.306,35.306
31.362,31.362
36.362,36.362
31.886,31.886
34.636,34.636
39.688,39.688
32.244,32.244
34.508,34.508
34.016,34.016
32.5,32.5
34.108,34.108
36.714,36.714
32.3,32.3
33.756,33.756
35.564,35.564
33.802,33.802
36.86,36.86
36.476,36.476
31.572,31.572
33.428,33.428
33.462,33.462
33.326,33.326
33.146,33.146
36.294,36.294
29.976,29.976
35.54,35.54
34.444,34.444
34.788,34.788
34.718,34.718
38.094,38.094
32.84,32.84
36.572,36.572
32.288,32.288
33.592,33.592
35.646,35.646
36.796,36.796
33.31,33.31
31.59,31.59
36.596,36.596
37.368,37.368
33.822,33.822
35.07,35.07
35.422,35.422
31.16,31.16
33.288,33.288
35.188,35.188
32.488,32.488
32.042,32.042
35.352,35.352
31.3,31.3
34.976,34.976
36.056,36.056
33.638,33.638
39.39,39.39
31.866,31.866
35.21,35.21
31.612,31.612
33.544,33.544
33.628,33.628
36.008,36.008
33.076,33.076
31.962,31.962
36.362,36.362
34.554,34.554
33.522,33.522
38.33,38.33
36.08,36.08
33.92,33.92
31.996,31.996
34.624,34.624
34.272,34.272
33.85,33.85
35.894,35.894
33.262,33.262
39.062,39.062
32.146,32.146
31.91,31.91
34.928,34.928
37.63,37.63
32.816,32.816
33.544,33.544
33.58,33.58
35.53,35.53
32.9,32.9
36.69,36.69
34.27,34.27
36.15,36.15
35.376,35.376
33.99,33.99
35.164,35.164
35.118,35.118
32.394,32.394
35.47,35.47
31.924,31.924
36.338,36.338
30.854,30.854
35.25,35.25
36.384,36.384
35.892,35.892
33.344,33.344
35.958,35.958
36.216,36.216
34.048,34.048
36.144,36.144
32.652,32.652
32.582,32.582
33.944,33.944
34.332,34.332
35.542,35.542
37.018,37.018
33.474,33.474
34.05,34.05
37.676,37.676
36.4,36.4
33.896,33.896
35.376,35.376
31.264,31.264
33.428,33.428
33.19,33.19
34.578,34.578
34.854,34.854
37.63,37.63
30.446,30.446
36.054,36.054
34.672,34.672
36.456,36.456
34.73,34.73
34.084,34.084
31.472,31.472
33.498,33.498
36.314,36.314
32.558,32.558
35.188,35.188
36.572,36.572
31.972,31.972
33.38,33.38
33.638,33.638
34.948,34.948
33.262,33.262
35.146,35.146
35.258,35.258
29.742,29.742
33.498,33.498
33.322,33.322
36.384,36.384
33.028,33.028
37.042,37.042
32.63,32.63
32.09,32.09
37.672,37.672
30.938,30.938
33.192,33.192
33.286,33.286
35.586,35.586
35.634,35.634
35.14,35.14
33.756,33.756
33.156,33.156
35.118,35.118
36.93,36.93
30,30
35.036,35.036
34.718,34.718
32.184,32.184
35.822,35.822
37.958,37.958
31.464,31.464
33.522,33.522
33.39,33.39
35.774,35.774
33.718,33.718
32.042,32.042
35.306,35.306
32.726,32.726
33.544,33.544
33.24,33.24
35.962,35.962
33.428,33.428
36.572,36.572
33.474,33.474
31.032,31.032
33.204,33.204
36.314,36.314
34.89,34.89
35.62,35.62
33.004,33.004
34.694,34.694
31.712,31.712
33.122,33.122
36.198,36.198
32.436,32.436
31.362,31.362
33.428,33.428
33.216,33.216
36.15,36.15
32.184,32.184
33.58,33.58
36.972,36.972
31.596,31.596
37.286,37.286
31.902,31.902
34.648,34.648
32.418,32.418
35.854,35.854
31.854,31.854
33.428,33.428
35.146,35.146
33.404,33.404
34.906,34.906
38.396,38.396
28.92,28.92
33.46,33.46
33.686,33.686
33.498,33.498
35.752,35.752
36.572,36.572
30.206,30.206
33.474,33.474
37.632,37.632
30.728,30.728
33.568,33.568
35.122,35.122
35.212,35.212
32.582,32.582
32.184,32.184
33.498,33.498
36.502,36.502
33.96,33.96
36.244,36.244
32.888,32.888
32.536,32.536
34.836,34.836
32.076,32.076
35.118,35.118
34.806,34.806
37.84,37.84
31.388,31.388
33.392,33.392
34.86,34.86
31.634,31.634
33.708,33.708
33.286,33.286
36.784,36.784
31.76,31.76
33.568,33.568
36.55,36.55
32.3,32.3
35.868,35.868
32.7,32.7
32.724,32.724
35.058,35.058
37.944,37.944
32.558,32.558
33.484,33.484
37.16,37.16
34.084,34.084
31.01,31.01
35.188,35.188
33.65,33.65
34.514,34.514
33.896,33.896
31.552,31.552
33.404,33.404
33.24,33.24
35.896,35.896
30.68,30.68
36.276,36.276
34.02,34.02
31.604,31.604
34.93,34.93
33.474,33.474
33.498,33.498
33.24,33.24
36.816,36.816
33.356,33.356
31.408,31.408
33.708,33.708
33.31,33.31
34.958,34.958
36.244,36.244
35.282,35.282
34.272,34.272
32.276,32.276
38.42,38.42
30.658,30.658
33.31,33.31
34.954,34.954
35.282,35.282
32.676,32.676
33.17,33.17
34.87,34.87
33.662,33.662
37.794,37.794
30.73,30.73
33.662,33.662
36.948,36.948
32.206,32.206
33.286,33.286
35.492,35.492
31.924,31.924
33.78,33.78
33.38,33.38
35.274,35.274
35.254,35.254
33.896,33.896
33.004,33.004
33.256,33.256
33.368,33.368