1,-0.717558
2,-0.705469
3,-0.711514
4,-0.719572
5,-0.717558
6,-0.727631
7,-0.729646
8,-0.723602
9,-0.729646
10,-0.731661
11,-0.717558
12,-0.715543
13,-0.715543
14,-0.703455
15,-0.699425
16,-0.703455
17,-0.705469
18,-0.70144
19,-0.693381
20,-0.693381
21,-0.703455
22,-0.709499
23,-0.705469
24,-0.70144
25,-0.695396
26,-0.699425
27,-0.713528
28,-0.719572
29,-0.713528
30,-0.709499
31,-0.70144
32,-0.703455
33,-0.717558
34,-0.727631
35,-0.725617
36,-0.721587
37,-0.725617
38,-0.733676
39,-0.733676
40,-0.727631
41,-0.731661
42,-0.737705
43,-0.745764
44,-0.747779
45,-0.73972
46,-0.733676
47,-0.737705
48,-0.745764
49,-0.743749
50,-0.733676
51,-0.733676
52,-0.741735
53,-0.749793
54,-0.751808
55,-0.745764
56,-0.73972
57,-0.741735
58,-0.749793
59,-0.759867
60,-0.767926
61,-0.767926
62,-0.759867
63,-0.749793
64,-0.741735
65,-0.737705
66,-0.741735
67,-0.747779
68,-0.745764
69,-0.733676
70,-0.721587
71,-0.717558
72,-0.721587
73,-0.723602
74,-0.715543
75,-0.713528
76,-0.715543
77,-0.711514
78,-0.707484
79,-0.699425
80,-0.695396
81,-0.70144
82,-0.707484
83,-0.69741
84,-0.685322
85,-0.685322
86,-0.687337
87,-0.689352
88,-0.691366
89,-0.683307
90,-0.675248
91,-0.671219
92,-0.66316
93,-0.66316
94,-0.47982
95,-0.477805
96,-0.47579
97,-0.473775
98,-0.469746
99,-0.465716
100,-0.461687
101,-0.457658
102,-0.453628
103,-0.449599
104,-0.445569
105,-0.433481
106,-0.427437
107,-0.421392
108,-0.39923
109,-0.377068
110,-0.356921
111,-0.342818
112,-0.3267
113,-0.316626
114,-0.310582
115,-0.304538
116,-0.296479
117,-0.290435
118,-0.28842
119,-0.286405
120,-0.284391
121,-0.284391
122,-0.282376
123,-0.282376
124,-0.280361
125,-0.278347
126,-0.278347
127,-0.276332
128,-0.278347
129,-0.278347
130,-0.276332
131,-0.276332
132,-0.278347
133,-0.278347
134,-0.276332
135,-0.276332
136,-0.274317
137,-0.274317
138,-0.276332
139,-0.276332
140,-0.272302
141,-0.270288
142,-0.264243
143,-0.260214
144,-0.252155
145,-0.246111
146,-0.240067
147,-0.232008
148,-0.221934
149,-0.21186
150,-0.201787
151,-0.193728
152,-0.183654
153,-0.173581
154,-0.161492
155,-0.153433
156,-0.14336
157,-0.129256
158,-0.113139
159,-0.0970208
160,-0.0889618
161,-0.0829176
162,-0.0748587
163,-0.0809029
164,-0.0667998
165,-0.050682
166,-0.0446378
167,-0.0385936
168,-0.020461
169,-0.000313694
170,0.0258778
171,0.0480398
172,0.0661724
173,0.0923639
174,0.152806
175,0.227351
176,0.281749
177,0.313984
178,0.332117
179,0.354279
180,0.38047
181,0.412706
182,0.46106
183,0.493295
184,0.52956
185,0.56784
186,0.612164
187,0.642385
188,0.672606
189,0.688724
190,0.708871
191,0.747151
192,0.783416
193,0.783416
194,0.815652
195,0.868035
196,0.880124
197,0.888182
198,0.944595
199,1.00504
200,1.02921
201,1.03324
202,1.03324
203,1.02317
204,1.02317
205,1.03526
206,1.04735
207,1.06346
208,1.07958
209,1.07757
210,1.09368
211,1.1098
212,1.00101
213,0.978845
214,0.960713
215,0.938551
216,0.920418
217,0.90833
218,0.894227
219,0.876094
220,0.859976
221,0.839829
222,0.815652
223,0.795505
224,0.773343
225,0.753196
226,0.737078
227,0.718945
228,0.702827
229,0.690739
230,0.674621
231,0.664547
232,0.652459
233,0.638356
234,0.628282
235,0.618209
236,0.604105
237,0.596047
238,0.587988
239,0.573884
240,0.563811
241,0.555752
242,0.545678
243,0.535605
244,0.523516
245,0.517472
246,0.507398
247,0.499339
248,0.489266
249,0.483222
250,0.473148
251,0.467104
252,0.45703
253,0.446956
254,0.434868
255,0.426809
256,0.420765
257,0.41875
258,0.428824
259,0.446956
260,0.459045
261,0.46106
262,0.426809
263,0.358308
264,0.338161
265,0.354279
266,0.382485
267,0.400618
268,0.426809
269,0.438898
270,0.426809
271,0.420765
272,0.376441
273,0.34622
274,0.352264
275,0.34219
276,0.336146
277,0.320028
278,0.303911
279,0.303911
280,0.322043
281,0.338161
282,0.34622
283,0.340176
284,0.328087
285,0.34622
286,0.390544
287,0.408677
288,0.420765
289,0.424794
290,0.42278
291,0.420765
292,0.420765
293,0.424794
294,0.408677
295,0.3845
296,0.374426
297,0.372411
298,0.376441
299,0.374426
300,0.370397
301,0.362338
302,0.358308
303,0.356294
304,0.350249
305,0.348235
306,0.34219
307,0.328087
308,0.31197
309,0.301896
310,0.297866
311,0.295852
312,0.303911
313,0.301896
314,0.291822
315,0.283763
316,0.265631
317,0.255557
318,0.253542
319,0.243469
320,0.229366
321,0.223321
322,0.221307
323,0.213248
324,0.0198336
325,0.0117747
326,0.00774523
327,0.0057305
328,0.00371577
329,0.00371577
330,-0.000313694
331,-0.00232842
332,-0.00635789
333,-0.0124021
334,-0.0164315
335,-0.0184463
336,-0.0224757
337,-0.0244905
338,-0.0325494
339,-0.0365788
340,-0.0446378
341,-0.0526967
342,-0.0607556
343,-0.0688145
344,-0.0809029
345,-0.0909766
346,-0.10105
347,-0.111124
348,-0.119183
349,-0.127242
350,-0.131271
351,-0.137315
352,-0.141345
353,-0.147389
354,-0.151418
355,-0.155448
356,-0.159477
357,-0.165522
358,-0.171566
359,-0.173581
360,-0.17761
361,-0.181639
362,-0.183654
363,-0.187684
364,-0.189698
365,-0.195743
366,-0.199772
367,-0.201787
368,-0.205816
369,-0.209846
370,-0.21186
371,-0.21589
372,-0.221934
373,-0.221934
374,-0.219919
375,-0.221934
376,-0.219919
377,-0.223949
378,-0.223949
379,-0.227978
380,-0.229993
381,-0.234022
382,-0.238052
383,-0.240067
384,-0.242081
385,-0.242081
386,-0.238052
387,-0.238052
388,-0.246111
389,-0.252155
390,-0.244096
391,-0.242081
392,-0.25014
393,-0.252155
394,-0.252155
395,-0.244096
396,-0.246111
397,-0.260214
398,-0.268273
399,-0.268273
400,-0.270288
401,-0.274317
402,-0.276332
403,-0.278347
404,-0.278347
405,-0.270288
406,-0.256184
407,-0.129256
408,-0.133286
409,-0.137315
410,-0.133286
411,-0.141345
412,-0.145374
413,-0.147389
414,-0.153433
415,-0.167536
416,-0.185669
417,-0.195743
418,-0.203801
419,-0.21589
420,-0.238052
421,-0.248126
422,-0.256184
423,-0.274317
424,-0.282376
425,-0.284391
426,-0.296479
427,-0.310582
428,-0.314612
429,-0.314612
430,-0.322671
431,-0.332744
432,-0.340803
433,-0.348862
434,-0.352892
435,-0.358936
436,-0.362965
437,-0.366995
438,-0.377068
439,-0.381098
440,-0.377068
441,-0.385127
442,-0.389157
443,-0.385127
444,-0.389157
445,-0.39923
446,-0.401245
447,-0.40326
448,-0.411319
449,-0.407289
450,-0.40326
451,-0.407289
452,-0.415348
453,-0.409304
454,-0.405275
455,-0.411319
456,-0.421392
457,-0.419378
458,-0.413333
459,-0.415348
460,-0.423407
461,-0.427437
462,-0.421392
463,-0.417363
464,-0.421392
465,-0.431466
466,-0.435495
467,-0.429451
468,-0.427437
469,-0.435495
470,-0.439525
471,-0.439525
472,-0.43751
473,-0.435495
474,-0.431466
475,-0.429451
476,-0.429451
477,-0.427437
478,-0.433481
479,-0.43751
480,-0.443554
481,-0.447584
482,-0.443554
483,-0.435495
484,-0.44154
485,-0.451613
486,-0.455643
487,-0.449599
488,-0.445569
489,-0.449599
490,-0.455643
491,-0.503996
492,-0.495937
493,-0.493923
494,-0.491908
495,-0.489893
496,-0.493923
497,-0.495937
498,-0.493923
499,-0.489893
500,-0.481834
501,-0.481834
502,-0.491908
503,-0.487878
504,-0.485864
505,-0.493923
506,-0.501982
507,-0.501982
508,-0.495937
509,-0.491908
510,-0.491908
511,-0.493923
512,-0.499967
513,-0.493923
514,-0.483849
515,-0.485864
516,-0.485864
517,-0.47579
518,-0.467731
519,-0.471761
520,-0.47579
521,-0.471761
522,-0.463702
523,-0.471761
524,-0.477805
525,-0.473775
526,-0.471761
527,-0.477805
528,-0.481834
529,-0.47982
530,-0.473775
531,-0.477805
532,-0.483849
533,-0.483849
534,-0.477805
535,-0.47982
536,-0.485864
537,-0.473775
538,-0.469746
539,-0.47579
540,-0.465716
541,-0.459672
542,-0.461687
543,-0.461687
544,-0.459672
545,-0.449599
546,-0.439525
547,-0.431466
548,-0.411319
549,-0.385127
550,-0.362965
551,-0.346847
552,-0.342818
553,-0.330729
554,-0.316626
555,-0.296479
556,-0.282376
557,-0.262229
558,-0.248126
559,-0.234022
560,-0.205816
561,-0.159477
562,-0.0970208
563,-0.0647851
564,-0.0647851
565,-0.0849324
566,-0.117168
567,-0.147389
568,-0.17761
569,-0.199772
570,-0.203801
571,-0.13933
572,0.00975996
573,0.146762
574,0.229366
575,0.301896
576,0.408677
577,0.583958
578,0.714916
579,0.807593
580,0.884153
581,0.952654
582,1.01713
583,1.07354
584,1.11383
585,1.15413
586,1.19644
587,1.2327
588,1.26091
589,1.28307
590,1.2871
591,1.29717
592,1.29314
593,1.30523
594,1.33142
595,1.32135
596,1.32739
597,1.32739
598,1.33344
599,1.3556
600,1.36164
601,1.34553
602,1.32336
603,1.30523
604,1.29516
605,1.28508
606,1.26695
607,1.25889
608,1.24479
609,1.2327
610,1.22464
611,1.21658
612,1.00705
613,0.98086
614,0.948624
615,0.918403
616,0.888182
617,0.855947
618,0.825726
619,0.799534
620,0.775358
621,0.75924
622,0.745137
623,0.731033
624,0.724989
625,0.704842
626,0.692754
627,0.68268
628,0.670592
629,0.658503
630,0.654474
631,0.642385
632,0.632312
633,0.620223
634,0.608135
635,0.598061
636,0.587988
637,0.579929
638,0.56784
639,0.557767
640,0.549708
641,0.547693
642,0.53359
643,0.527546
644,0.517472
645,0.507398
646,0.499339
647,0.489266
648,0.479192
649,0.473148
650,0.467104
651,0.45703
652,0.448971
653,0.442927
654,0.436883
655,0.428824
656,0.410691
657,0.382485
658,0.364353
659,0.362338
660,0.372411
661,0.386515
662,0.394573
663,0.392559
664,0.400618
665,0.366367
666,0.366367
667,0.374426
668,0.362338
669,0.3845
670,0.3845
671,0.378456
672,0.3845
673,0.3845
674,0.390544
675,0.402632
676,0.390544
677,0.360323
678,0.330102
679,0.305925
680,0.289807
681,0.283763
682,0.285778
683,0.293837
684,0.315999
685,0.360323
686,0.390544
687,0.394573
688,0.386515
689,0.378456
690,0.366367
691,0.34622
692,0.334132
693,0.340176
694,0.362338
695,0.364353
696,0.374426
697,0.386515
698,0.390544
699,0.388529
700,0.38047
701,0.376441
702,0.370397
703,0.366367
704,0.362338
705,0.356294
706,0.354279
707,0.350249
708,0.34219
709,0.334132
710,0.320028
711,0.315999
712,0.12057
713,0.122585
714,0.122585
715,0.118555
716,0.110496
717,0.108482
718,0.112511
719,0.108482
720,0.0923639
721,0.0802755
722,0.0722166
723,0.062143
724,0.0399809
725,0.0218483
726,0.00975996
727,-0.000313694
728,-0.020461
729,-0.042623
730,-0.0526967
731,-0.0587409
732,-0.0627703
733,-0.0688145
734,-0.0768735
735,-0.0929913
736,-0.107094
737,-0.111124
738,-0.107094
739,-0.113139
740,-0.127242
741,-0.135301
742,-0.137315
743,-0.149404
744,-0.163507
745,-0.169551
746,-0.175595
747,-0.167536
748,-0.173581
749,-0.189698
750,-0.189698
751,-0.183654
752,-0.179625
753,-0.185669
754,-0.191713
755,-0.195743
756,-0.193728
757,-0.191713
758,-0.193728
759,-0.197757
760,-0.207831
761,-0.21589
762,-0.213875
763,-0.207831
764,-0.209846
765,-0.21589
766,-0.221934
767,-0.219919
768,-0.21589
769,-0.213875
770,-0.213875
771,-0.221934
772,-0.229993
773,-0.322671
774,-0.322671
775,-0.330729
776,-0.338788
777,-0.344833
778,-0.342818
779,-0.342818
780,-0.340803
781,-0.336774
782,-0.332744
783,-0.320656
784,-0.294464
785,-0.262229
786,-0.238052
787,-0.219919
788,-0.209846
789,-0.203801
790,-0.203801
791,-0.209846
792,-0.213875
793,-0.213875
794,-0.207831
795,-0.205816
796,-0.203801
797,-0.205816
798,-0.21186
799,-0.217905
800,-0.219919
801,-0.213875
802,-0.21186
803,-0.217905
804,-0.223949
805,-0.225964
806,-0.219919
807,-0.221934
808,-0.232008
809,-0.246111
810,-0.25014
811,-0.25014
812,-0.252155
813,-0.25417
814,-0.262229
815,-0.276332
816,-0.290435
817,-0.29245
818,-0.29245
819,-0.298494
820,-0.308567
821,-0.318641
822,-0.316626
823,-0.320656
824,-0.328715
825,-0.340803
826,-0.346847
827,-0.342818
828,-0.342818
829,-0.346847
830,-0.358936
831,-0.36498
832,-0.36498
833,-0.362965
834,-0.358936
835,-0.354906
836,-0.356921
837,-0.362965
838,-0.36498
839,-0.36498
840,-0.290435
841,-0.29245
842,-0.29245
843,-0.302523
844,-0.312597
845,-0.324685
846,-0.324685
847,-0.322671
848,-0.332744
849,-0.344833
850,-0.352892
851,-0.352892
852,-0.358936
853,-0.371024
854,-0.381098
855,-0.383112
856,-0.381098
857,-0.379083
858,-0.383112
859,-0.391171
860,-0.401245
861,-0.401245
862,-0.39923
863,-0.397216
864,-0.397216
865,-0.405275
866,-0.413333
867,-0.411319
868,-0.40326
869,-0.40326
870,-0.411319
871,-0.417363
872,-0.413333
873,-0.405275
874,-0.397216
875,-0.389157
876,-0.389157
877,-0.395201
878,-0.395201
879,-0.383112
880,-0.373039
881,-0.373039
882,-0.362965
883,-0.352892
884,-0.356921
885,-0.369009
886,-0.362965
887,-0.356921
888,-0.358936
889,-0.358936
890,-0.348862
891,-0.332744
892,-0.332744
893,-0.334759
894,-0.336774
895,-0.340803
896,-0.342818
897,-0.342818
898,-0.340803
899,-0.332744
900,-0.322671
901,-0.306553
902,-0.298494
903,-0.294464
904,-0.296479
905,-0.298494
906,-0.290435
907,-0.280361
908,-0.282376
909,-0.28842
910,-0.28842
911,-0.282376
912,-0.318641
913,-0.314612
914,-0.320656
915,-0.3267
916,-0.328715
917,-0.3267
918,-0.322671
919,-0.322671
920,-0.328715
921,-0.336774
922,-0.346847
923,-0.350877
924,-0.348862
925,-0.346847
926,-0.348862
927,-0.350877
928,-0.358936
929,-0.371024
930,-0.377068
931,-0.375054
932,-0.371024
933,-0.373039
934,-0.385127
935,-0.395201
936,-0.401245
937,-0.40326
938,-0.405275
939,-0.409304
940,-0.419378
941,-0.43751
942,-0.449599
943,-0.455643
944,-0.453628
945,-0.447584
946,-0.447584
947,-0.455643
948,-0.465716
949,-0.469746
950,-0.467731
951,-0.465716
952,-0.465716
953,-0.47579
954,-0.485864
955,-0.493923
956,-0.493923
957,-0.491908
958,-0.489893
959,-0.489893
960,-0.499967
961,-0.47579
962,-0.465716
963,-0.451613
964,-0.451613
965,-0.459672
966,-0.461687
967,-0.451613
968,-0.453628
969,-0.465716
970,-0.47579
971,-0.47982
972,-0.477805
973,-0.47579
974,-0.47579
975,-0.473775
976,-0.47982
977,-0.489893
978,-0.501982
979,-0.501982
980,-0.506011
981,-0.51407
982,-0.524144
983,-0.532203
984,-0.534217
985,-0.534217
986,-0.540261
987,-0.55235
988,-0.562424
989,-0.562424
990,-0.560409
991,-0.558394
992,-0.564438
993,-0.576527
994,-0.588615
995,-0.59063
996,-0.5866
997,-0.582571
998,-0.582571
999,-0.584586
1000,-0.596674
1001,-0.600703
1002,-0.594659
1003,-0.594659
1004,-0.592644
1005,-0.5866
1006,-0.594659
1007,-0.606748
1008,-0.604733
1009,-0.594659
1010,-0.5866
1011,-0.59063
1012,-0.602718
1013,-0.610777
1014,-0.600703
1015,-0.610777
1016,-0.612792
1017,-0.608762
1018,-0.606748
1019,-0.610777
1020,-0.604733
1021,-0.592644
1022,-0.600703
1023,-0.598689
1024,-0.5866
1025,-0.574512
1026,-0.566453
1027,-0.570482
1028,-0.562424
1029,-0.55235
1030,-0.540261
1031,-0.534217
1032,-0.538247
1033,-0.542276
1034,-0.536232
1035,-0.532203
1036,-0.528173
1037,-0.534217
1038,-0.546306
1039,-0.558394
1040,-0.566453
1041,-0.564438
1042,-0.562424
1043,-0.564438
1044,-0.574512
1045,-0.588615
1046,-0.59063
1047,-0.5866
1048,-0.584586
1049,-0.588615
1050,-0.604733
1051,-0.612792
1052,-0.606748
1053,-0.602718
1054,-0.600703
1055,-0.608762
1056,-0.610777
1057,-0.612792
1058,-0.608762
1059,-0.614806
1060,-0.614806
1061,-0.610777
1062,-0.614806
1063,-0.620851
1064,-0.616821
1065,-0.608762
1066,-0.614806
1067,-0.622865
1068,-0.622865
1069,-0.616821
1070,-0.614806
1071,-0.626895
1072,-0.632939
1073,-0.62891
1074,-0.465716
1075,-0.449599
1076,-0.43751
1077,-0.429451
1078,-0.423407
1079,-0.413333
1080,-0.409304
1081,-0.407289
1082,-0.40326
1083,-0.401245
1084,-0.401245
1085,-0.40326
1086,-0.405275
1087,-0.409304
1088,-0.411319
1089,-0.417363
1090,-0.423407
1091,-0.431466
1092,-0.439525
1093,-0.449599
1094,-0.461687
1095,-0.47579
1096,-0.487878
1097,-0.501982
1098,-0.518099
1099,-0.524144
1100,-0.524144
1101,-0.528173
1102,-0.532203
1103,-0.536232
1104,-0.540261
1105,-0.550335
1106,-0.562424
1107,-0.574512
1108,-0.580556
1109,-0.580556
1110,-0.578541
1111,-0.582571
1112,-0.5866
1113,-0.594659
1114,-0.598689
1115,-0.606748
1116,-0.614806
1117,-0.614806
1118,-0.612792
1119,-0.610777
1120,-0.610777
1121,-0.620851
1122,-0.62891
1123,-0.62891
1124,-0.62488
1125,-0.653086
1126,-0.665175
1127,-0.679278
1128,-0.679278
1129,-0.671219
1130,-0.673234
1131,-0.677263
1132,-0.683307
1133,-0.687337
1134,-0.685322
1135,-0.679278
1136,-0.679278
1137,-0.687337
1138,-0.695396
1139,-0.693381
1140,-0.681293
1141,-0.671219
1142,-0.671219
1143,-0.681293
1144,-0.691366
1145,-0.691366
1146,-0.685322
1147,-0.681293
1148,-0.679278
1149,-0.679278
1150,-0.683307
1151,-0.691366
1152,-0.699425
1153,-0.695396
1154,-0.689352
1155,-0.685322
1156,-0.693381
1157,-0.70144
1158,-0.70144
1159,-0.695396
1160,-0.691366
1161,-0.699425
1162,-0.707484
1163,-0.705469
1164,-0.699425
1165,-0.69741
1166,-0.705469
1167,-0.715543
1168,-0.713528
1169,-0.705469
1170,-0.70144
1171,-0.711514
1172,-0.717558
1173,-0.761882
1174,-0.753823
1175,-0.749793
1176,-0.753823
1177,-0.761882
1178,-0.757852
1179,-0.747779
1180,-0.745764
1181,-0.751808
1182,-0.761882
1183,-0.757852
1184,-0.747779
1185,-0.747779
1186,-0.753823
1187,-0.759867
1188,-0.751808
1189,-0.743749
1190,-0.745764
1191,-0.751808
1192,-0.755838
1193,-0.749793
1194,-0.741735
1195,-0.733676
1196,-0.737705
1197,-0.747779
1198,-0.755838
1199,-0.751808
1200,-0.743749
1201,-0.73972
1202,-0.745764
1203,-0.759867
1204,-0.763897
1205,-0.757852
1206,-0.751808
1207,-0.755838
1208,-0.767926
1209,-0.771955
1210,-0.763897
1211,-0.759867
1212,-0.765911
1213,-0.778
1214,-0.782029
1215,-0.775985
1216,-0.769941
1217,-0.77397
1218,-0.782029
1219,-0.792103
1220,-0.800162
1221,-0.804191
1222,-0.800162
1223,-0.790088
1224,-0.786059
1225,-0.792103
1226,-0.800162
1227,-0.806206
1228,-0.802176
1229,-0.792103
1230,-0.792103
1231,-0.802176
1232,-0.810235
1233,-0.804191
1234,-0.796132
1235,-0.798147
1236,-0.808221
1237,-0.818294
1238,-0.81628
1239,-0.806206
1240,-0.802176
1241,-0.804191
1242,-0.796132
1243,-0.788073
1244,-0.784044
1245,-0.784044
1246,-0.788073
1247,-0.798147
1248,-0.802176
1249,-0.796132
1250,-0.788073
1251,-0.784044
1252,-0.780014
1253,-0.780014
1254,-0.782029
1255,-0.788073
1256,-0.796132
1257,-0.796132
1258,-0.788073
1259,-0.780014
1260,-0.775985
1261,-0.775985
1262,-0.786059
1263,-0.796132
1264,-0.800162
1265,-0.796132
1266,-0.790088
1267,-0.786059
1268,-0.786059
1269,-0.794118
1270,-0.804191
1271,-0.810235
1272,-0.808221
1273,-0.802176
1274,-0.796132
1275,-0.792103
1276,-0.798147
1277,-0.808221
1278,-0.81628
1279,-0.810235
1280,-0.802176
1281,-0.802176
1282,-0.765911
1283,-0.767926
1284,-0.775985
1285,-0.775985
1286,-0.771955
1287,-0.780014
1288,-0.788073
1289,-0.786059
1290,-0.778
1291,-0.780014
1292,-0.790088
1293,-0.798147
1294,-0.794118
1295,-0.788073
1296,-0.798147
1297,-0.806206
1298,-0.802176
1299,-0.802176
1300,-0.81225
1301,-0.826353
1302,-0.838442
1303,-0.844486
1304,-0.844486
1305,-0.860604
1306,-0.880751
1307,-0.894854
1308,-0.898883
1309,-0.898883
1310,-0.892839
1311,-0.890825
1312,-0.890825
1313,-0.892839
1314,-0.896869
1315,-0.900898
1316,-0.902913
1317,-0.904928
1318,-0.906942
1319,-0.908957
1320,-0.910972
1321,-0.910972
1322,-0.912987
1323,-0.912987
1324,-0.915001
1325,-0.919031
1326,-0.925075
1327,-0.929104
1328,-0.931119
1329,-0.933134
1330,-0.935149
1331,-0.939178
1332,-0.953281
1333,-0.977458
1334,-0.983502
1335,-0.979473
1336,-0.943208
1337,-0.872692
1338,-0.792103
1339,-0.761882
1340,-0.761882
1341,-0.757852
1342,-0.769941
1343,-0.788073
1344,-0.794118
1345,-0.800162
1346,-0.81225
1347,-0.818294
1348,-0.818294
1349,-0.814265
1350,-0.818294
1351,-0.691366
1352,-0.703455
1353,-0.707484
1354,-0.69741
1355,-0.689352
1356,-0.693381
1357,-0.703455
1358,-0.703455
1359,-0.69741
1360,-0.695396
1361,-0.687337
1362,-0.689352
1363,-0.693381
1364,-0.699425
1365,-0.707484
1366,-0.711514
1367,-0.703455
1368,-0.69741
1369,-0.699425
1370,-0.707484
1371,-0.717558
1372,-0.709499
1373,-0.703455
1374,-0.711514
1375,-0.725617
1376,-0.733676
1377,-0.733676
1378,-0.731661
1379,-0.729646
1380,-0.729646
1381,-0.737705
1382,-0.749793
1383,-0.759867
1384,-0.761882
1385,-0.759867
1386,-0.757852
1387,-0.753823
1388,-0.753823
1389,-0.759867
1390,-0.769941
1391,-0.780014
1392,-0.786059
1393,-0.792103
1394,-0.818294
1395,-0.808221
1396,-0.800162
1397,-0.804191
1398,-0.81628
1399,-0.822324
1400,-0.822324
1401,-0.818294
1402,-0.808221
1403,-0.804191
1404,-0.806206
1405,-0.81628
1406,-0.826353
1407,-0.828368
1408,-0.822324
1409,-0.810235
1410,-0.788073
1411,-0.761882
1412,-0.749793
1413,-0.749793
1414,-0.753823
1415,-0.751808
1416,-0.743749
1417,-0.737705
1418,-0.743749
1419,-0.759867
1420,-0.769941
1421,-0.769941
1422,-0.765911
1423,-0.767926
1424,-0.780014
1425,-0.792103
1426,-0.804191
1427,-0.818294
1428,-0.81628
1429,-0.808221
1430,-0.806206
1431,-0.808221
1432,-0.81225
1433,-0.822324
1434,-0.834412
1435,-0.844486
1436,-0.846501
1437,-0.840456
1438,-0.834412
1439,-0.838442
1440,-0.852545
1441,-0.862618
1442,-0.860604
1443,-0.852545
1444,-0.854559
1445,-0.860604
1446,-0.874707
1447,-0.882766
1448,-0.872692
1449,-0.862618
1450,-0.864633
1451,-0.878736
1452,-0.880751
1453,-0.874707
1454,-0.874707
1455,-0.886795
1456,-0.890825
1457,-0.88478
1458,-0.878736
1459,-0.88478
1460,-0.894854
1461,-0.904928
1462,-0.900898
1463,-0.890825
1464,-0.88478
1465,-0.898883
1466,-0.902913
1467,-0.896869
1468,-0.892839
1469,-0.902913
1470,-0.912987
1471,-0.908957
1472,-0.894854
1473,-0.88881
1474,-0.894854
1475,-0.898883
1476,-0.890825
1477,-0.882766
1478,-0.874707
1479,-0.878736
1480,-0.88881
1481,-0.896869
1482,-0.896869
1483,-0.88881
1484,-0.882766
1485,-0.880751
1486,-0.88478
1487,-0.896869
1488,-0.902913
1489,-0.896869
1490,-0.886795
1491,-0.582571
1492,-0.55235
1493,-0.522129
1494,-0.487878
1495,-0.443554
1496,-0.381098
1497,-0.302523
1498,-0.195743
1499,-0.0869471
1500,0.00975996
1501,0.0883344
1502,0.174968
1503,0.295852
1504,0.406662
1505,0.475163
1506,0.511428
1507,0.535605
1508,0.547693
1509,0.555752
1510,0.555752
1511,0.557767
1512,0.551722
1513,0.555752
1514,0.559781
1515,0.557767
1516,0.563811
1517,0.563811
1518,0.575899
1519,0.583958
1520,0.590002
1521,0.630297
1522,0.751181
1523,0.916389
1524,1.0272
1525,1.07354
1526,1.10577
1527,1.11786
1528,1.13599
1529,1.1501
1530,1.16823
1531,1.18032
1532,1.18435
1533,1.18838
1534,1.19442
1535,1.21054
1536,1.21457
1537,1.22263
1538,1.22263
1539,1.23875
1540,1.26091
1541,1.25285
1542,1.25486
1543,1.26494
1544,1.27703
1545,1.29314
1546,1.30725
1547,1.32941
1548,1.33545
1549,1.34553
1550,1.38179
1551,1.40597
1552,1.42813
1553,1.45029
1554,1.48253
1555,1.53894
1556,1.61349
1557,1.69407
1558,1.75653
1559,1.80891
1560,1.8613
1561,1.9157
1562,1.95196
1563,2.00233
1564,2.03658
1565,2.07486
1566,2.11918
1567,2.15948
1568,2.21186
1569,2.25618
1570,2.29648
1571,2.34483
1572,2.38714
1573,2.44758
1574,2.51004
1575,2.56041
1576,2.60473
1577,2.64704
1578,2.69338
1579,2.73368
1580,2.78404
1581,2.81628
1582,2.84852
1583,2.86665
1584,2.87269
1585,2.86262
1586,2.8606
1587,2.83643
1588,2.80016
1589,2.76793
1590,2.73166
1591,2.68935
1592,2.63898
1593,2.58459
1594,2.5322
1595,2.48586
1596,2.44154
1597,2.4093
1598,2.37102
1599,2.33073
1600,2.29849
1601,2.26021
1602,2.22999
1603,2.19574
1604,2.16552
1605,2.13732
1606,2.09098
1607,2.0527
1608,2.01845
1609,1.9842
1610,1.95397
1611,1.91771
1612,1.88346
1613,1.85122
1614,1.81294
1615,1.77668
1616,1.73034
1617,1.67393
1618,1.64169
1619,1.60543
1620,1.57319
1621,1.55304
1622,1.52484
1623,1.49663
1624,1.46037
1625,1.42612
1626,1.40194
1627,1.37373
1628,1.22666
1629,1.19442
1630,1.17024
1631,1.14204
1632,1.1098
1633,1.07152
1634,1.05943
1635,1.03929
1636,1.01108
1637,0.990934
1638,0.970786
1639,0.964742
1640,0.94661
1641,0.924448
1642,0.906315
1643,0.890197
1644,0.888182
1645,0.87005
1646,0.851917
1647,0.835799
1648,0.821696
1649,0.817667
1650,0.805579
1651,0.781402
1652,0.767299
1653,0.75521
1654,0.747151
1655,0.733048
1656,0.718945
1657,0.708871
1658,0.704842
1659,0.694768
1660,0.674621
1661,0.664547
1662,0.658503
1663,0.656488
1664,0.642385
1665,0.624253
1666,0.618209
1667,0.616194
1668,0.608135
1669,0.592017
1670,0.575899
1671,0.565826
1672,0.557767
1673,0.553737
1674,0.545678
1675,0.535605
1676,0.519487
1677,0.515457
1678,0.509413
1679,0.507398
1680,0.499339
1681,0.481207
1682,0.477177
1683,0.469119
1684,0.45703
1685,0.448971
1686,0.440912
1687,0.436883
1688,0.432853
1689,0.426809
1690,0.416736
1691,0.408677
1692,0.402632
1693,0.396588
1694,0.396588
1695,0.386515
1696,0.38047
1697,0.368382
1698,0.336146
1699,0.334132
1700,0.358308
1701,0.378456
1702,0.424794
1703,0.491281
1704,0.537619
1705,0.549708
1706,0.545678
1707,0.53359
1708,0.519487
1709,0.499339
1710,0.487251
1711,0.475163
1712,0.477177
1713,0.491281
1714,0.505384
1715,0.507398
1716,0.513443
1717,0.515457
1718,0.509413
1719,0.507398
1720,0.503369
1721,0.499339
1722,0.489266
1723,0.483222
1724,0.477177
1725,0.471133
1726,0.465089
1727,0.448971
1728,0.420765
1729,0.396588
1730,0.38047
1731,0.364353
1732,0.358308
1733,0.34622
1734,0.334132
1735,0.326073
1736,0.315999
1737,-0.00232842
1738,-0.00635789
1739,-0.0124021
1740,-0.0164315
1741,-0.020461
1742,-0.0224757
1743,-0.0244905
1744,-0.0305347
1745,-0.0325494
1746,-0.0365788
1747,-0.0406083
1748,-0.0466525
1749,-0.050682
1750,-0.0526967
1751,-0.0587409
1752,-0.0607556
1753,-0.0627703
1754,-0.0647851
1755,-0.0688145
1756,-0.0708293
1757,-0.0748587
1758,-0.0768735
1759,-0.0809029
1760,-0.0849324
1761,-0.0869471
1762,-0.0849324
1763,-0.0829176
1764,-0.0849324
1765,-0.0869471
1766,-0.0869471
1767,-0.0748587
1768,-0.0607556
1769,-0.0547114
1770,-0.050682
1771,-0.0486672
1772,-0.050682
1773,-0.0547114
1774,-0.0567261
1775,-0.0607556
1776,-0.0627703
1777,-0.0667998
1778,-0.0667998
1779,-0.0708293
1780,-0.072844
1781,-0.0768735
1782,-0.0829176
1783,-0.0829176
1784,-0.0849324
1785,-0.0889618
1786,-0.0909766
1787,-0.0929913
1788,-0.095006
1789,-0.10105
1790,-0.10105
1791,-0.103065
1792,-0.103065
1793,-0.10508
1794,-0.10508
1795,-0.103065
1796,-0.10105
1797,-0.0970208
1798,-0.0970208
1799,-0.095006
1800,-0.0929913
1801,-0.0909766
1802,-0.0909766
1803,-0.0929913
1804,-0.0929913
1805,-0.095006
1806,-0.10105
1807,-0.103065
1808,-0.10508
1809,-0.10508
1810,-0.107094
1811,-0.111124
1812,-0.111124
1813,-0.0768735
1814,-0.000313694
1815,0.0722166
1816,0.110496
1817,0.126614
1818,0.134673
1819,0.136688
1820,0.134673
1821,0.128629
1822,0.110496
1823,-0.318641
1824,-0.328715
1825,-0.330729
1826,-0.328715
1827,-0.328715
1828,-0.330729
1829,-0.334759
1830,-0.336774
1831,-0.340803
1832,-0.348862
1833,-0.354906
1834,-0.350877
1835,-0.344833
1836,-0.340803
1837,-0.342818
1838,-0.350877
1839,-0.356921
1840,-0.354906
1841,-0.348862
1842,-0.348862
1843,-0.356921
1844,-0.36498
1845,-0.366995
1846,-0.36498
1847,-0.362965
1848,-0.36095
1849,-0.36095
1850,-0.366995
1851,-0.375054
1852,-0.381098
1853,-0.379083
1854,-0.373039
1855,-0.371024
1856,-0.369009
1857,-0.373039
1858,-0.381098
1859,-0.387142
1860,-0.387142
1861,-0.379083
1862,-0.377068
1863,-0.379083
1864,-0.389157
1865,-0.395201
1866,-0.395201
1867,-0.387142
1868,-0.381098
1869,-0.383112
1870,-0.391171
1871,-0.393186
1872,-0.383112
1873,-0.381098
1874,-0.381098
1875,-0.383112
1876,-0.381098
1877,-0.385127
1878,-0.393186
1879,-0.393186
1880,-0.395201
1881,-0.39923
1882,-0.393186
1883,-0.389157
1884,-0.381098
1885,-0.373039
1886,-0.358936
1887,-0.338788
1888,-0.334759
1889,-0.338788
1890,-0.342818
1891,-0.344833
1892,-0.356921
1893,-0.36498
1894,-0.362965
1895,-0.358936
1896,-0.358936
1897,-0.36498
1898,-0.377068
1899,-0.383112
1900,-0.379083
1901,-0.425422
1902,-0.427437
1903,-0.429451
1904,-0.433481
1905,-0.443554
1906,-0.449599
1907,-0.451613
1908,-0.449599
1909,-0.447584
1910,-0.449599
1911,-0.455643
1912,-0.465716
1913,-0.471761
1914,-0.471761
1915,-0.465716
1916,-0.457658
1917,-0.451613
1918,-0.447584
1919,-0.453628
1920,-0.457658
1921,-0.453628
1922,-0.445569
1923,-0.44154
1924,-0.445569
1925,-0.453628
1926,-0.455643
1927,-0.455643
1928,-0.449599
1929,-0.447584
1930,-0.447584
1931,-0.453628
1932,-0.461687
1933,-0.467731
1934,-0.467731
1935,-0.463702
1936,-0.461687
1937,-0.463702
1938,-0.471761
1939,-0.47982
1940,-0.487878
1941,-0.489893
1942,-0.489893
1943,-0.487878
1944,-0.485864
1945,-0.487878
1946,-0.499967
1947,-0.503996
1948,-0.501982
1949,-0.491908
1950,-0.491908
1951,-0.55235
1952,-0.556379
1953,-0.550335
1954,-0.542276
1955,-0.536232
1956,-0.530188
1957,-0.512055
1958,-0.487878
1959,-0.467731
1960,-0.44154
1961,-0.419378
1962,-0.407289
1963,-0.413333
1964,-0.423407
1965,-0.423407
1966,-0.425422
1967,-0.435495
1968,-0.451613
1969,-0.471761
1970,-0.487878
1971,-0.499967
1972,-0.510041
1973,-0.522129
1974,-0.546306
1975,-0.572497
1976,-0.602718
1977,-0.634954
1978,-0.657116
1979,-0.655101
1980,-0.647042
1981,-0.643013
1982,-0.640998
1983,-0.638983
1984,-0.636969
1985,-0.634954
1986,-0.634954
1987,-0.632939
1988,-0.634954
1989,-0.638983
1990,-0.636969
1991,-0.636969
1992,-0.632939
1993,-0.626895
1994,-0.618836
1995,-0.600703
1996,-0.570482
1997,-0.542276
1998,-0.538247
1999,-0.554365
2000,-0.568468
2001,-0.570482